class_id,vertices,n_types,types,n_realizations,K,one_example_mu_to_lambda_per_type
1,1,15,A1+A2+A3+A4+A5+B2+B3+B4+C3+C4+D4+D5+E6+F4+G2,3343,1,A1: (0) -> (0) ; A2: (0 0) -> (0 0) ; A3: (0 0 0) -> (0 0 0) ; A4: (0 0 0 0) -> (0 0 0 0) ; A5: (0 0 0 0 0) -> (0 0 0 0 0) ; B2: (0 0) -> (0 0) ; B3: (0 0 0) -> (0 0 0) ; B4: (0 0 0 0) -> (0 0 0 0) ; C3: (0 0 0) -> (0 0 0) ; C4: (0 0 0 0) -> (0 0 0 0) ; D4: (0 0 0 0) -> (0 0 0 0) ; D5: (0 0 0 0 0) -> (0 0 0 0 0) ; E6: (0 0 0 0 0 0) -> (0 0 0 0 0 0) ; F4: (0 0 0 0) -> (0 0 0 0) ; G2: (0 0) -> (0 0)
2,2,4,A1+B2+C3+C4,552,0,A1: (0) -> (1) ; B2: (0 10) -> (1 9) ; C3: (0 1 0) -> (0 0 1) ; C4: (0 0 1 0) -> (0 0 0 1)
3,2,12,A1+A2+A3+A4+B2+B3+B4+C3+C4+D4+F4+G2,3599,1q,A1: (0) -> (2) ; A2: (0 10) -> (2 9) ; A3: (0 1 0) -> (0 0 2) ; A4: (0 0 1 0) -> (0 0 0 2) ; B2: (0 10) -> (2 8) ; B3: (0 1 0) -> (2 0 0) ; B4: (0 1 0 0) -> (2 0 0 0) ; C3: (0 2 0) -> (0 0 2) ; C4: (0 0 2 0) -> (0 0 0 2) ; D4: (0 1 0 0) -> (0 0 0 2) ; F4: (0 1 0 0) -> (2 0 0 0) ; G2: (10 0) -> (7 2)
4,2,4,A1+B2+C3+C4,238,0,A1: (0) -> (3) ; B2: (0 10) -> (3 7) ; C3: (0 3 0) -> (0 0 3) ; C4: (0 0 3 0) -> (0 0 0 3)
5,2,7,A1+A2+A3+B2+B3+C3+G2,1439,1q^2,A1: (0) -> (4) ; A2: (0 10) -> (4 8) ; A3: (0 2 0) -> (0 0 4) ; B2: (0 10) -> (4 6) ; B3: (0 2 0) -> (4 0 0) ; C3: (0 4 0) -> (0 0 4) ; G2: (10 0) -> (4 4)
8,5,7,A2+A3+A4+B3+B4+D4+F4,355,1q^3,A2: (0 0) -> (0 3) ; A3: (0 0 1) -> (3 0 0) ; A4: (0 0 1 0) -> (3 0 0 0) ; B3: (0 0 2) -> (3 0 0) ; B4: (0 0 1 0) -> (3 0 0 0) ; D4: (0 0 1 1) -> (3 0 0 0) ; F4: (0 0 2 0) -> (3 0 0 0)
10,4,10,A2+A3+A4+A5+B3+B4+D4+D5+E6+F4,2167,1q + 1q^2,A2: (0 0) -> (1 1) ; A3: (0 0 1) -> (1 1 0) ; A4: (0 0 1 0) -> (1 1 0 0) ; A5: (0 0 1 0 0) -> (0 0 0 1 1) ; B3: (0 0 2) -> (1 1 0) ; B4: (0 0 1 0) -> (1 1 0 0) ; D4: (0 0 1 1) -> (1 1 0 0) ; D5: (0 0 1 0 0) -> (1 1 0 0 0) ; E6: (0 0 0 1 0 0) -> (0 0 0 0 1 1) ; F4: (0 0 2 0) -> (1 1 0 0)
13,6,3,A2+A3+B3,32,1q^4 + 1q^5,A2: (0 0) -> (1 4) ; A3: (0 0 2) -> (4 1 0) ; B3: (0 0 4) -> (4 1 0)
14,6,6,A2+A3+A4+B3+B4+D4,58,1q^2 + 1q^3 + 1q^4,A2: (0 0) -> (2 2) ; A3: (0 0 2) -> (2 2 0) ; A4: (0 0 2 0) -> (2 2 0 0) ; B3: (0 0 4) -> (2 2 0) ; B4: (0 0 2 0) -> (2 2 0 0) ; D4: (0 0 2 2) -> (2 2 0 0)
17,6,6,A2+A3+A4+B3+B4+D4,30,1q^3 + 1q^4 + 1q^5 + 1q^6,A2: (0 0) -> (3 3) ; A3: (0 0 3) -> (3 3 0) ; A4: (0 0 3 0) -> (3 3 0 0) ; B3: (0 0 6) -> (3 3 0) ; B4: (0 0 3 0) -> (3 3 0 0) ; D4: (0 0 3 3) -> (3 3 0 0)
24,5,6,A2+A3+A4+B3+B4+D4,292,1q^2 + 1q^3 + 1q^4,A2: (0 10) -> (2 12) ; A3: (0 1 2) -> (2 3 0) ; A4: (0 1 2 0) -> (2 3 0 0) ; B3: (0 1 4) -> (2 3 0) ; B4: (0 1 2 0) -> (2 3 0 0) ; D4: (0 1 2 2) -> (2 3 0 0)
27,4,7,A2+A3+A4+B3+B4+D4+F4,2241,1q^2 + 1q^3,A2: (0 10) -> (3 10) ; A3: (0 1 1) -> (3 1 0) ; A4: (0 1 1 0) -> (0 0 1 3) ; B3: (0 1 2) -> (3 1 0) ; B4: (0 1 1 0) -> (3 1 0 0) ; D4: (0 1 1 1) -> (3 1 0 0) ; F4: (0 1 2 0) -> (3 1 0 0)
30,6,3,A2+A3+B3,28,1q^3 + 1q^4 + 1q^5 + 1q^6,A2: (0 1) -> (3 4) ; A3: (0 1 3) -> (3 4 0) ; B3: (0 1 6) -> (3 4 0)
33,6,3,A2+A3+B3,32,1q^3 + 1q^4 + 1q^5,A2: (0 1) -> (4 2) ; A3: (0 1 2) -> (4 2 0) ; B3: (0 1 4) -> (4 2 0)
40,5,3,A2+A3+B3,192,1q^3 + 1q^4 + 1q^5,A2: (0 10) -> (4 11) ; A3: (0 2 2) -> (4 3 0) ; B3: (0 2 4) -> (4 3 0)
44,4,6,A2+A3+A4+B3+B4+D4,692,1q^2 + 1q^3 + 1q^4,A2: (1 10) -> (3 12) ; A3: (1 1 2) -> (3 3 0) ; A4: (0 2 1 1) -> (0 0 3 3) ; B3: (1 1 4) -> (3 3 0) ; B4: (1 1 2 0) -> (3 3 0 0) ; D4: (1 1 2 2) -> (3 3 0 0)
46,6,3,A2+A3+B3,14,1q^3 + 1q^4 + 1q^5 + 1q^6,A2: (1 1) -> (4 4) ; A3: (1 1 3) -> (4 4 0) ; B3: (1 1 6) -> (4 4 0)
50,10,3,A3+B4+D4,302,0,A3: (0 0 0) -> (0 0 2) ; B4: (0 0 0 1) -> (2 0 0 0) ; D4: (0 0 0 1) -> (0 0 2 0)
53,8,4,A3+B4+D4+D5,1232,0,A3: (0 0 0) -> (0 1 0) ; B4: (0 0 0 1) -> (0 1 0 0) ; D4: (0 0 0 1) -> (0 1 0 0) ; D5: (0 1 0 0 0) -> (0 0 1 0 0)
55,12,4,A3+A4+B4+D4,26,1q^3 + 1q^4 + 1q^5,A3: (0 0 0) -> (0 1 2) ; A4: (0 0 0 1) -> (2 1 0 0) ; B4: (0 0 0 2) -> (2 1 0 0) ; D4: (0 0 0 2) -> (0 1 2 0)
58,11,4,A3+A4+B4+D4,15,1q^2 + 1q^4,A3: (0 0 0) -> (0 2 0) ; A4: (0 0 0 1) -> (0 2 0 0) ; B4: (0 0 0 2) -> (0 2 0 0) ; D4: (0 0 0 2) -> (0 2 0 0)
60,13,3,A3+B4+D4,9,0,A3: (0 0 0) -> (0 2 2) ; B4: (0 0 0 3) -> (2 2 0 0) ; D4: (0 0 0 3) -> (0 2 2 0)
63,13,3,A3+B4+D4,5,0,A3: (0 0 0) -> (0 3 0) ; B4: (0 0 0 3) -> (0 3 0 0) ; D4: (0 0 0 3) -> (0 3 0 0)
73,8,7,A3+A4+A5+B4+D4+D5+E6,236,1q + 1q^2 + 1q^3,A3: (0 0 0) -> (1 0 1) ; A4: (0 0 0 1) -> (1 0 1 0) ; A5: (0 0 0 1 0) -> (1 0 1 0 0) ; B4: (0 0 0 2) -> (1 0 1 0) ; D4: (0 0 0 1) -> (1 0 1 0) ; D5: (0 0 0 1 1) -> (1 0 1 0 0) ; E6: (0 0 1 0 0 1) -> (0 1 0 0 1 0)
75,13,3,A3+B4+D4,15,0,A3: (0 0 0) -> (1 0 3) ; B4: (0 0 0 3) -> (3 0 1 0) ; D4: (0 0 0 2) -> (1 0 3 0)
77,13,3,A3+B4+D4,8,0,A3: (0 0 0) -> (1 1 1) ; B4: (0 0 0 3) -> (1 1 1 0) ; D4: (0 0 0 2) -> (1 1 1 0)
79,12,3,A3+A4+D4,14,1q^4 + 2q^5 + 2q^6 + 2q^7 + 1q^8,A3: (0 0 0) -> (1 1 3) ; A4: (0 0 0 2) -> (3 1 1 0) ; D4: (0 0 0 3) -> (1 1 3 0)
81,13,3,A3+A4+D4,8,1q^3 + 1q^4 + 2q^5 + 2q^6 + 1q^7,A3: (0 0 0) -> (1 2 1) ; A4: (0 0 0 2) -> (1 2 1 0) ; D4: (0 0 0 3) -> (1 2 1 0)
93,13,3,A3+A4+D4,11,1q^2 + 1q^3 + 2q^4 + 1q^5 + 1q^6,A3: (0 0 0) -> (2 0 2) ; A4: (0 0 0 2) -> (2 0 2 0) ; D4: (0 0 0 2) -> (2 0 2 0)
96,13,2,A3+D4,4,0,A3: (0 0 0) -> (2 1 2) ; D4: (0 0 0 3) -> (2 1 2 0)
108,11,3,A3+A4+D4,6,1q^3 + 1q^4 + 2q^5 + 2q^6 + 2q^7 + 1q^8 + 1q^9,A3: (0 0 0) -> (3 0 3) ; A4: (0 0 0 3) -> (3 0 3 0) ; D4: (0 0 0 3) -> (3 0 3 0)
125,11,4,A3+A4+B4+D4,36,1q^3 + 1q^4 + 1q^5,A3: (0 0 1) -> (0 1 3) ; A4: (0 0 1 2) -> (0 1 3 0) ; B4: (1 0 0 2) -> (3 1 0 0) ; D4: (0 0 1 2) -> (0 1 3 0)
128,10,4,A3+A4+B4+D4,100,1q^2 + 1q^3 + 1q^4,A3: (0 0 1) -> (0 2 1) ; A4: (0 0 1 1) -> (0 2 1 0) ; B4: (0 0 1 2) -> (0 2 1 0) ; D4: (0 0 1 2) -> (0 2 1 0)
130,14,3,A3+B4+D4,9,0,A3: (0 0 1) -> (0 2 3) ; B4: (1 0 0 3) -> (3 2 0 0) ; D4: (0 0 1 3) -> (0 2 3 0)
133,14,3,A3+B4+D4,10,0,A3: (0 0 1) -> (0 3 1) ; B4: (0 0 1 3) -> (0 3 1 0) ; D4: (0 0 1 3) -> (0 3 1 0)
145,12,3,A3+B4+D4,42,0,A3: (0 0 1) -> (1 1 2) ; B4: (0 0 1 3) -> (1 1 2 0) ; D4: (0 0 1 2) -> (1 1 2 0)
148,12,3,A3+B4+D4,64,0,A3: (0 0 1) -> (1 2 0) ; B4: (0 0 1 1) -> (1 2 0 0) ; D4: (0 0 1 2) -> (1 2 0 0)
150,14,3,A3+A4+D4,16,1q^3 + 2q^4 + 3q^5 + 2q^6 + 1q^7,A3: (0 0 1) -> (1 2 2) ; A4: (0 0 1 2) -> (1 2 2 0) ; D4: (0 0 1 3) -> (1 2 2 0)
153,13,4,A3+A4+B4+D4,20,1q^3 + 1q^4 + 1q^5 + 1q^6,A3: (0 0 1) -> (1 3 0) ; A4: (0 0 1 1) -> (1 3 0 0) ; B4: (0 0 1 2) -> (1 3 0 0) ; D4: (0 0 1 3) -> (1 3 0 0)
164,12,3,A3+A4+D4,32,1q^2 + 1q^3 + 2q^4 + 1q^5 + 1q^6,A3: (0 0 1) -> (2 0 3) ; A4: (0 0 1 2) -> (2 0 3 0) ; D4: (0 0 1 2) -> (2 0 3 0)
167,11,4,A3+A4+B4+D4,88,1q^2 + 2q^3 + 2q^4 + 1q^5,A3: (0 0 1) -> (2 1 1) ; A4: (0 0 1 1) -> (2 1 1 0) ; B4: (0 0 1 2) -> (2 1 1 0) ; D4: (0 0 1 2) -> (2 1 1 0)
169,14,2,A3+D4,8,0,A3: (0 0 1) -> (2 1 3) ; D4: (0 0 1 3) -> (2 1 3 0)
172,14,3,A3+B4+D4,9,0,A3: (0 0 1) -> (2 2 1) ; B4: (0 0 1 3) -> (2 2 1 0) ; D4: (0 0 1 3) -> (2 2 1 0)
187,12,3,A3+B4+D4,40,0,A3: (0 0 1) -> (3 0 2) ; B4: (0 0 1 3) -> (3 0 2 0) ; D4: (0 0 1 2) -> (3 0 2 0)
190,12,3,A3+B4+D4,61,0,A3: (0 0 1) -> (3 1 0) ; B4: (0 0 1 1) -> (3 1 0 0) ; D4: (0 0 1 2) -> (3 1 0 0)
192,14,3,A3+A4+D4,14,1q^3 + 2q^4 + 3q^5 + 3q^6 + 2q^7 + 1q^8,A3: (0 0 1) -> (3 1 2) ; A4: (0 0 1 2) -> (3 1 2 0) ; D4: (0 0 1 3) -> (3 1 2 0)
195,13,4,A3+A4+B4+D4,18,1q^4 + 2q^5 + 1q^6 + 1q^7,A3: (0 0 1) -> (3 2 0) ; A4: (0 0 1 1) -> (3 2 0 0) ; B4: (0 0 1 2) -> (3 2 0 0) ; D4: (0 0 1 3) -> (3 2 0 0)
200,14,2,A3+B4,3,0,A3: (0 0 1) -> (3 3 0) ; B4: (0 0 1 3) -> (3 3 0 0)
238,12,3,A3+B4+D4,30,0,A3: (0 0 2) -> (0 3 2) ; B4: (0 0 2 3) -> (0 3 2 0) ; D4: (0 0 2 3) -> (0 3 2 0)
248,12,3,A3+A4+D4,26,1q^3 + 2q^4 + 3q^5 + 2q^6 + 1q^7,A3: (0 0 2) -> (1 2 3) ; A4: (0 0 2 2) -> (1 2 3 0) ; D4: (0 0 2 3) -> (1 2 3 0)
251,11,4,A3+A4+B4+D4,50,1q^3 + 2q^4 + 2q^5 + 1q^6,A3: (0 0 2) -> (1 3 1) ; A4: (0 0 2 1) -> (1 3 1 0) ; B4: (0 0 2 2) -> (1 3 1 0) ; D4: (0 0 2 3) -> (1 3 1 0)
263,12,3,A3+B4+D4,28,0,A3: (0 0 2) -> (2 2 2) ; B4: (0 0 2 3) -> (2 2 2 0) ; D4: (0 0 2 3) -> (2 2 2 0)
266,12,3,A3+B4+D4,32,0,A3: (0 0 2) -> (2 3 0) ; B4: (0 0 2 1) -> (2 3 0 0) ; D4: (0 0 2 3) -> (2 3 0 0)
278,12,3,A3+A4+D4,24,1q^3 + 2q^4 + 3q^5 + 3q^6 + 2q^7 + 1q^8,A3: (0 0 2) -> (3 1 3) ; A4: (0 0 2 2) -> (3 1 3 0) ; D4: (0 0 2 3) -> (3 1 3 0)
281,11,4,A3+A4+B4+D4,46,1q^3 + 2q^4 + 3q^5 + 2q^6 + 1q^7,A3: (0 0 2) -> (3 2 1) ; A4: (0 0 2 1) -> (3 2 1 0) ; B4: (0 0 2 2) -> (3 2 1 0) ; D4: (0 0 2 3) -> (3 2 1 0)
286,14,2,A3+B4,3,0,A3: (0 0 2) -> (3 3 1) ; B4: (0 0 2 3) -> (3 3 1 0)
338,12,2,A3+B4,13,0,A3: (0 0 3) -> (3 3 2) ; B4: (0 0 3 3) -> (3 3 2 0)
375,8,3,A3+B4+D4,1536,0,A3: (0 1 0) -> (0 1 2) ; B4: (0 1 0 1) -> (2 1 0 0) ; D4: (0 1 0 1) -> (0 1 2 0)
379,12,4,A3+A4+B4+D4,26,2q^3 + 1q^4 + 1q^5,A3: (0 1 0) -> (0 2 2) ; A4: (0 1 0 1) -> (2 2 0 0) ; B4: (0 1 0 2) -> (2 2 0 0) ; D4: (0 1 0 2) -> (0 2 2 0)
382,11,4,A3+A4+B4+D4,20,1q^2 + 1q^4,A3: (0 1 0) -> (0 3 0) ; A4: (0 1 0 1) -> (0 3 0 0) ; B4: (0 1 0 2) -> (0 3 0 0) ; D4: (0 1 0 2) -> (0 3 0 0)
384,13,3,A3+B4+D4,9,0,A3: (0 1 0) -> (0 3 2) ; B4: (0 1 0 3) -> (2 3 0 0) ; D4: (0 1 0 3) -> (0 3 2 0)
392,4,4,A3+B4+D4+D5,921,0,A3: (0 1 0) -> (1 0 1) ; B4: (0 1 0 1) -> (1 0 1 0) ; D4: (0 1 0 0) -> (0 0 1 1) ; D5: (0 0 1 0 0) -> (0 0 0 1 1)
394,9,4,A3+A4+B4+D4,186,1q^2 + 1q^3 + 1q^4,A3: (0 1 0) -> (1 0 3) ; A4: (0 1 0 1) -> (3 0 1 0) ; B4: (0 1 0 2) -> (3 0 1 0) ; D4: (0 1 0 1) -> (1 0 3 0)
396,8,7,A3+A4+A5+B4+D4+D5+E6,990,1q + 2q^2 + 1q^3,A3: (0 1 0) -> (1 1 1) ; A4: (0 1 0 1) -> (1 1 1 0) ; A5: (0 1 0 1 0) -> (0 0 1 1 1) ; B4: (0 1 0 2) -> (1 1 1 0) ; D4: (0 1 0 1) -> (1 1 1 0) ; D5: (0 1 0 1 1) -> (1 1 1 0 0) ; E6: (0 0 1 1 0 1) -> (0 1 0 1 1 0)
398,13,3,A3+B4+D4,15,0,A3: (0 1 0) -> (1 1 3) ; B4: (0 1 0 3) -> (3 1 1 0) ; D4: (0 1 0 2) -> (1 1 3 0)
400,13,3,A3+B4+D4,8,0,A3: (0 1 0) -> (1 2 1) ; B4: (0 1 0 3) -> (1 2 1 0) ; D4: (0 1 0 2) -> (1 2 1 0)
402,12,3,A3+A4+D4,14,2q^4 + 3q^5 + 3q^6 + 2q^7 + 1q^8,A3: (0 1 0) -> (1 2 3) ; A4: (0 1 0 2) -> (3 2 1 0) ; D4: (0 1 0 3) -> (1 2 3 0)
404,11,3,A3+A4+D4,8,1q^3 + 2q^4 + 2q^5 + 2q^6 + 1q^7,A3: (0 1 0) -> (1 3 1) ; A4: (0 1 0 2) -> (1 3 1 0) ; D4: (0 1 0 3) -> (1 3 1 0)
412,10,3,A3+B4+D4,89,0,A3: (0 1 0) -> (2 0 2) ; B4: (0 1 0 3) -> (2 0 2 0) ; D4: (0 1 0 1) -> (2 0 2 0)
415,11,3,A3+A4+D4,11,1q^2 + 2q^3 + 3q^4 + 2q^5 + 1q^6,A3: (0 1 0) -> (2 1 2) ; A4: (0 1 0 2) -> (2 1 2 0) ; D4: (0 1 0 2) -> (2 1 2 0)
418,13,2,A3+D4,4,0,A3: (0 1 0) -> (2 2 2) ; D4: (0 1 0 3) -> (2 2 2 0)
427,13,2,A3+D4,7,0,A3: (0 1 0) -> (3 0 3) ; D4: (0 1 0 2) -> (3 0 3 0)
429,13,3,A3+A4+D4,6,1q^3 + 2q^4 + 3q^5 + 4q^6 + 3q^7 + 2q^8 + 1q^9,A3: (0 1 0) -> (3 1 3) ; A4: (0 1 0 3) -> (3 1 3 0) ; D4: (0 1 0 3) -> (3 1 3 0)
444,11,4,A3+A4+B4+D4,36,2q^3 + 1q^4 + 1q^5,A3: (0 1 1) -> (0 2 3) ; A4: (0 1 1 2) -> (0 2 3 0) ; B4: (1 1 0 2) -> (3 2 0 0) ; D4: (0 1 1 2) -> (0 2 3 0)
446,10,4,A3+A4+B4+D4,180,1q^2 + 1q^3 + 1q^4,A3: (0 1 1) -> (0 3 1) ; A4: (0 1 1 1) -> (0 3 1 0) ; B4: (0 1 1 2) -> (0 3 1 0) ; D4: (0 1 1 2) -> (0 3 1 0)
448,14,3,A3+B4+D4,9,0,A3: (0 1 1) -> (0 3 3) ; B4: (1 1 0 3) -> (3 3 0 0) ; D4: (0 1 1 3) -> (0 3 3 0)
458,12,3,A3+B4+D4,42,0,A3: (0 1 1) -> (1 2 2) ; B4: (0 1 1 3) -> (1 2 2 0) ; D4: (0 1 1 2) -> (1 2 2 0)
461,10,3,A3+B4+D4,144,0,A3: (0 1 1) -> (1 3 0) ; B4: (0 1 1 1) -> (1 3 0 0) ; D4: (0 1 1 2) -> (1 3 0 0)
463,12,3,A3+A4+D4,16,1q^3 + 3q^4 + 3q^5 + 2q^6 + 1q^7,A3: (0 1 1) -> (1 3 2) ; A4: (0 1 1 2) -> (1 3 2 0) ; D4: (0 1 1 3) -> (1 3 2 0)
473,10,3,A3+A4+D4,32,1q^2 + 2q^3 + 3q^4 + 2q^5 + 1q^6,A3: (0 1 1) -> (2 1 3) ; A4: (0 1 1 2) -> (2 1 3 0) ; D4: (0 1 1 2) -> (2 1 3 0)
476,11,4,A3+A4+B4+D4,88,1q^2 + 3q^3 + 2q^4 + 1q^5,A3: (0 1 1) -> (2 2 1) ; A4: (0 1 1 1) -> (2 2 1 0) ; B4: (0 1 1 2) -> (2 2 1 0) ; D4: (0 1 1 2) -> (2 2 1 0)
478,14,2,A3+D4,8,0,A3: (0 1 1) -> (2 2 3) ; D4: (0 1 1 3) -> (2 2 3 0)
481,14,3,A3+B4+D4,9,0,A3: (0 1 1) -> (2 3 1) ; B4: (0 1 1 3) -> (2 3 1 0) ; D4: (0 1 1 3) -> (2 3 1 0)
493,12,3,A3+B4+D4,40,0,A3: (0 1 1) -> (3 1 2) ; B4: (0 1 1 3) -> (3 1 2 0) ; D4: (0 1 1 2) -> (3 1 2 0)
496,12,3,A3+B4+D4,61,0,A3: (0 1 1) -> (3 2 0) ; B4: (0 1 1 1) -> (3 2 0 0) ; D4: (0 1 1 2) -> (3 2 0 0)
498,13,3,A3+A4+D4,14,1q^3 + 3q^4 + 4q^5 + 4q^6 + 2q^7 + 1q^8,A3: (0 1 1) -> (3 2 2) ; A4: (0 1 1 2) -> (3 2 2 0) ; D4: (0 1 1 3) -> (3 2 2 0)
501,14,4,A3+A4+B4+D4,18,2q^4 + 2q^5 + 1q^6 + 1q^7,A3: (0 1 1) -> (3 3 0) ; A4: (0 1 1 1) -> (3 3 0 0) ; B4: (0 1 1 2) -> (3 3 0 0) ; D4: (0 1 1 3) -> (3 3 0 0)
542,10,3,A3+A4+D4,26,1q^3 + 3q^4 + 3q^5 + 2q^6 + 1q^7,A3: (0 1 2) -> (1 3 3) ; A4: (0 1 2 2) -> (1 3 3 0) ; D4: (0 1 2 3) -> (1 3 3 0)
552,12,3,A3+B4+D4,28,0,A3: (0 1 2) -> (2 3 2) ; B4: (0 1 2 3) -> (2 3 2 0) ; D4: (0 1 2 3) -> (2 3 2 0)
562,11,3,A3+A4+D4,24,1q^3 + 3q^4 + 4q^5 + 4q^6 + 2q^7 + 1q^8,A3: (0 1 2) -> (3 2 3) ; A4: (0 1 2 2) -> (3 2 3 0) ; D4: (0 1 2 3) -> (3 2 3 0)
565,12,4,A3+A4+B4+D4,46,1q^3 + 3q^4 + 3q^5 + 2q^6 + 1q^7,A3: (0 1 2) -> (3 3 1) ; A4: (0 1 2 1) -> (3 3 1 0) ; B4: (0 1 2 2) -> (3 3 1 0) ; D4: (0 1 2 3) -> (3 3 1 0)
618,11,4,A3+A4+B4+D4,36,2q^3 + 1q^4 + 1q^5,A3: (0 2 0) -> (0 3 2) ; A4: (0 2 0 1) -> (2 3 0 0) ; B4: (0 2 0 2) -> (2 3 0 0) ; D4: (0 2 0 2) -> (0 3 2 0)
625,4,3,A3+B4+D4,840,0,A3: (0 2 0) -> (1 0 3) ; B4: (0 2 0 1) -> (3 0 1 0) ; D4: (0 2 0 0) -> (0 0 1 3)
627,8,4,A3+A4+B4+D4,852,1q^2 + 2q^3 + 1q^4,A3: (0 2 0) -> (1 1 3) ; A4: (0 2 0 1) -> (3 1 1 0) ; B4: (0 2 0 2) -> (3 1 1 0) ; D4: (0 2 0 1) -> (1 1 3 0)
630,13,3,A3+B4+D4,15,0,A3: (0 2 0) -> (1 2 3) ; B4: (0 2 0 3) -> (3 2 1 0) ; D4: (0 2 0 2) -> (1 2 3 0)
632,11,3,A3+B4+D4,13,0,A3: (0 2 0) -> (1 3 1) ; B4: (0 2 0 3) -> (1 3 1 0) ; D4: (0 2 0 2) -> (1 3 1 0)
634,12,3,A3+A4+D4,14,2q^4 + 4q^5 + 3q^6 + 2q^7 + 1q^8,A3: (0 2 0) -> (1 3 3) ; A4: (0 2 0 2) -> (3 3 1 0) ; D4: (0 2 0 3) -> (1 3 3 0)
640,4,4,A3+A4+B4+D4,539,1q^2,A3: (0 2 0) -> (2 0 2) ; A4: (0 1 1 0) -> (2 0 0 2) ; B4: (0 2 0 2) -> (2 0 2 0) ; D4: (0 2 0 0) -> (0 0 2 2)
643,8,3,A3+B4+D4,423,0,A3: (0 2 0) -> (2 1 2) ; B4: (0 2 0 3) -> (2 1 2 0) ; D4: (0 2 0 1) -> (2 1 2 0)
646,13,3,A3+A4+D4,11,1q^2 + 2q^3 + 4q^4 + 2q^5 + 1q^6,A3: (0 2 0) -> (2 2 2) ; A4: (0 2 0 2) -> (2 2 2 0) ; D4: (0 2 0 2) -> (2 2 2 0)
649,13,2,A3+D4,4,0,A3: (0 2 0) -> (2 3 2) ; D4: (0 2 0 3) -> (2 3 2 0)
655,10,3,A3+A4+D4,49,1q^3 + 1q^4 + 1q^5,A3: (0 2 0) -> (3 0 3) ; A4: (0 2 0 2) -> (3 0 3 0) ; D4: (0 2 0 1) -> (3 0 3 0)
657,13,2,A3+D4,7,0,A3: (0 2 0) -> (3 1 3) ; D4: (0 2 0 2) -> (3 1 3 0)
659,11,3,A3+A4+D4,6,1q^3 + 2q^4 + 4q^5 + 5q^6 + 4q^7 + 2q^8 + 1q^9,A3: (0 2 0) -> (3 2 3) ; A4: (0 2 0 3) -> (3 2 3 0) ; D4: (0 2 0 3) -> (3 2 3 0)
671,10,4,A3+A4+B4+D4,96,2q^3 + 1q^4 + 1q^5,A3: (0 2 1) -> (0 3 3) ; A4: (0 2 1 2) -> (0 3 3 0) ; B4: (1 2 0 2) -> (3 3 0 0) ; D4: (0 2 1 2) -> (0 3 3 0)
678,10,3,A3+B4+D4,112,0,A3: (0 2 1) -> (1 3 2) ; B4: (0 2 1 3) -> (1 3 2 0) ; D4: (0 2 1 2) -> (1 3 2 0)
687,12,3,A3+A4+D4,32,1q^2 + 2q^3 + 4q^4 + 2q^5 + 1q^6,A3: (0 2 1) -> (2 2 3) ; A4: (0 2 1 2) -> (2 2 3 0) ; D4: (0 2 1 2) -> (2 2 3 0)
689,10,4,A3+A4+B4+D4,168,1q^2 + 3q^3 + 2q^4 + 1q^5,A3: (0 2 1) -> (2 3 1) ; A4: (0 2 1 1) -> (2 3 1 0) ; B4: (0 2 1 2) -> (2 3 1 0) ; D4: (0 2 1 2) -> (2 3 1 0)
691,14,2,A3+D4,8,0,A3: (0 2 1) -> (2 3 3) ; D4: (0 2 1 3) -> (2 3 3 0)
701,12,3,A3+B4+D4,40,0,A3: (0 2 1) -> (3 2 2) ; B4: (0 2 1 3) -> (3 2 2 0) ; D4: (0 2 1 2) -> (3 2 2 0)
704,10,3,A3+B4+D4,141,0,A3: (0 2 1) -> (3 3 0) ; B4: (0 2 1 1) -> (3 3 0 0) ; D4: (0 2 1 2) -> (3 3 0 0)
706,13,3,A3+A4+D4,14,1q^3 + 3q^4 + 5q^5 + 4q^6 + 2q^7 + 1q^8,A3: (0 2 1) -> (3 3 2) ; A4: (0 2 1 2) -> (3 3 2 0) ; D4: (0 2 1 3) -> (3 3 2 0)
747,11,3,A3+A4+D4,24,1q^3 + 3q^4 + 5q^5 + 4q^6 + 2q^7 + 1q^8,A3: (0 2 2) -> (3 3 3) ; A4: (0 2 2 2) -> (3 3 3 0) ; D4: (0 2 2 3) -> (3 3 3 0)
776,11,3,A3+B4+D4,25,0,A3: (0 3 0) -> (1 3 3) ; B4: (0 3 0 3) -> (3 3 1 0) ; D4: (0 3 0 2) -> (1 3 3 0)
785,11,3,A3+A4+D4,16,1q^2 + 2q^3 + 4q^4 + 2q^5 + 1q^6,A3: (0 3 0) -> (2 3 2) ; A4: (0 3 0 2) -> (2 3 2 0) ; D4: (0 3 0 2) -> (2 3 2 0)
791,4,3,A3+B4+D4,229,0,A3: (0 3 0) -> (3 0 3) ; B4: (0 3 0 3) -> (3 0 3 0) ; D4: (0 3 0 0) -> (0 0 3 3)
793,8,3,A3+A4+D4,229,1q^3 + 2q^4 + 1q^5,A3: (0 3 0) -> (3 1 3) ; A4: (0 3 0 2) -> (3 1 3 0) ; D4: (0 3 0 1) -> (3 1 3 0)
795,13,2,A3+D4,7,0,A3: (0 3 0) -> (3 2 3) ; D4: (0 3 0 2) -> (3 2 3 0)
797,13,3,A3+A4+D4,6,1q^3 + 2q^4 + 4q^5 + 6q^6 + 4q^7 + 2q^8 + 1q^9,A3: (0 3 0) -> (3 3 3) ; A4: (0 3 0 3) -> (3 3 3 0) ; D4: (0 3 0 3) -> (3 3 3 0)
811,10,3,A3+A4+D4,92,1q^2 + 2q^3 + 4q^4 + 2q^5 + 1q^6,A3: (0 3 1) -> (2 3 3) ; A4: (0 3 1 2) -> (2 3 3 0) ; D4: (0 3 1 2) -> (2 3 3 0)
818,10,3,A3+B4+D4,110,0,A3: (0 3 1) -> (3 3 2) ; B4: (0 3 1 3) -> (3 3 2 0) ; D4: (0 3 1 2) -> (3 3 2 0)
882,10,3,A3+B4+D4,208,0,A3: (1 0 1) -> (0 2 2) ; B4: (1 0 1 1) -> (2 2 0 0) ; D4: (1 0 1 2) -> (0 2 2 0)
885,8,3,A3+B4+D4,465,0,A3: (1 0 1) -> (0 3 0) ; B4: (1 0 1 1) -> (0 3 0 0) ; D4: (1 0 1 2) -> (0 3 0 0)
887,12,4,A3+A4+B4+D4,20,1q^3 + 2q^4 + 1q^5 + 1q^6,A3: (1 0 1) -> (0 3 2) ; A4: (1 0 1 1) -> (2 3 0 0) ; B4: (1 0 1 2) -> (2 3 0 0) ; D4: (1 0 1 3) -> (0 3 2 0)
897,9,4,A3+A4+B4+D4,168,1q^2 + 2q^3 + 2q^4 + 1q^5,A3: (1 0 1) -> (1 1 3) ; A4: (1 0 1 1) -> (3 1 1 0) ; B4: (1 0 1 2) -> (3 1 1 0) ; D4: (1 0 1 2) -> (1 1 3 0)
899,8,4,A3+A4+B4+D4,190,2q^2 + 2q^3 + 1q^4,A3: (1 0 1) -> (1 2 1) ; A4: (1 0 1 1) -> (1 2 1 0) ; B4: (1 0 1 2) -> (1 2 1 0) ; D4: (1 0 1 2) -> (1 2 1 0)
901,13,3,A3+B4+D4,9,0,A3: (1 0 1) -> (1 2 3) ; B4: (1 0 1 3) -> (3 2 1 0) ; D4: (1 0 1 3) -> (1 2 3 0)
903,13,3,A3+B4+D4,5,0,A3: (1 0 1) -> (1 3 1) ; B4: (1 0 1 3) -> (1 3 1 0) ; D4: (1 0 1 3) -> (1 3 1 0)
913,10,3,A3+B4+D4,77,0,A3: (1 0 1) -> (2 1 2) ; B4: (1 0 1 3) -> (2 1 2 0) ; D4: (1 0 1 2) -> (2 1 2 0)
916,13,3,A3+A4+D4,8,2q^3 + 3q^4 + 4q^5 + 2q^6 + 1q^7,A3: (1 0 1) -> (2 2 2) ; A4: (1 0 1 2) -> (2 2 2 0) ; D4: (1 0 1 3) -> (2 2 2 0)
925,10,3,A3+A4+D4,46,1q^2 + 1q^3 + 2q^4 + 1q^5 + 1q^6,A3: (1 0 1) -> (3 0 3) ; A4: (1 0 1 2) -> (3 0 3 0) ; D4: (1 0 1 2) -> (3 0 3 0)
927,13,2,A3+D4,4,0,A3: (1 0 1) -> (3 1 3) ; D4: (1 0 1 3) -> (3 1 3 0)
942,11,4,A3+A4+B4+D4,30,1q^3 + 2q^4 + 1q^5 + 1q^6,A3: (1 0 2) -> (0 3 3) ; A4: (1 0 2 2) -> (0 3 3 0) ; B4: (2 0 1 2) -> (3 3 0 0) ; D4: (1 0 2 3) -> (0 3 3 0)
952,12,3,A3+B4+D4,30,0,A3: (1 0 2) -> (1 3 2) ; B4: (1 0 2 3) -> (1 3 2 0) ; D4: (1 0 2 3) -> (1 3 2 0)
962,12,3,A3+A4+D4,26,2q^3 + 3q^4 + 4q^5 + 2q^6 + 1q^7,A3: (1 0 2) -> (2 2 3) ; A4: (1 0 2 2) -> (2 2 3 0) ; D4: (1 0 2 3) -> (2 2 3 0)
965,11,4,A3+A4+B4+D4,50,2q^3 + 3q^4 + 2q^5 + 1q^6,A3: (1 0 2) -> (2 3 1) ; A4: (1 0 2 1) -> (2 3 1 0) ; B4: (1 0 2 2) -> (2 3 1 0) ; D4: (1 0 2 3) -> (2 3 1 0)
977,12,3,A3+B4+D4,28,0,A3: (1 0 2) -> (3 2 2) ; B4: (1 0 2 3) -> (3 2 2 0) ; D4: (1 0 2 3) -> (3 2 2 0)
980,12,3,A3+B4+D4,32,0,A3: (1 0 2) -> (3 3 0) ; B4: (1 0 2 1) -> (3 3 0 0) ; D4: (1 0 2 3) -> (3 3 0 0)
1050,8,3,A3+B4+D4,768,0,A3: (1 1 1) -> (0 3 2) ; B4: (1 1 1 1) -> (2 3 0 0) ; D4: (1 1 1 2) -> (0 3 2 0)
1059,9,4,A3+A4+B4+D4,168,1q^2 + 3q^3 + 2q^4 + 1q^5,A3: (1 1 1) -> (1 2 3) ; A4: (1 1 1 1) -> (0 1 2 3) ; B4: (1 1 1 2) -> (3 2 1 0) ; D4: (1 1 1 2) -> (1 2 3 0)
1061,8,4,A3+A4+B4+D4,510,2q^2 + 2q^3 + 1q^4,A3: (1 1 1) -> (1 3 1) ; A4: (1 1 1 1) -> (0 1 3 1) ; B4: (1 1 1 2) -> (1 3 1 0) ; D4: (1 1 1 2) -> (1 3 1 0)
1063,13,3,A3+B4+D4,9,0,A3: (1 1 1) -> (1 3 3) ; B4: (1 1 1 3) -> (3 3 1 0) ; D4: (1 1 1 3) -> (1 3 3 0)
1071,10,3,A3+B4+D4,77,0,A3: (1 1 1) -> (2 2 2) ; B4: (1 1 1 3) -> (2 2 2 0) ; D4: (1 1 1 2) -> (2 2 2 0)
1074,11,3,A3+A4+D4,8,2q^3 + 4q^4 + 4q^5 + 2q^6 + 1q^7,A3: (1 1 1) -> (2 3 2) ; A4: (1 1 1 2) -> (2 3 2 0) ; D4: (1 1 1 3) -> (2 3 2 0)
1081,8,3,A3+A4+D4,46,1q^2 + 2q^3 + 3q^4 + 2q^5 + 1q^6,A3: (1 1 1) -> (3 1 3) ; A4: (1 1 1 2) -> (3 1 3 0) ; D4: (1 1 1 2) -> (3 1 3 0)
1083,13,2,A3+D4,4,0,A3: (1 1 1) -> (3 2 3) ; D4: (1 1 1 3) -> (3 2 3 0)
1106,10,3,A3+A4+D4,26,2q^3 + 4q^4 + 4q^5 + 2q^6 + 1q^7,A3: (1 1 2) -> (2 3 3) ; A4: (1 1 2 2) -> (2 3 3 0) ; D4: (1 1 2 3) -> (2 3 3 0)
1116,12,3,A3+B4+D4,28,0,A3: (1 1 2) -> (3 3 2) ; B4: (1 1 2 3) -> (3 3 2 0) ; D4: (1 1 2 3) -> (3 3 2 0)
1156,8,4,A3+A4+B4+D4,648,1q^2 + 3q^3 + 2q^4 + 1q^5,A3: (1 2 1) -> (1 3 3) ; A4: (1 1 2 1) -> (0 1 3 3) ; B4: (1 2 1 2) -> (3 3 1 0) ; D4: (1 2 1 2) -> (1 3 3 0)
1163,8,3,A3+B4+D4,322,0,A3: (1 2 1) -> (2 3 2) ; B4: (1 2 1 3) -> (2 3 2 0) ; D4: (1 2 1 2) -> (2 3 2 0)
1170,10,3,A3+A4+D4,46,1q^2 + 2q^3 + 4q^4 + 2q^5 + 1q^6,A3: (1 2 1) -> (3 2 3) ; A4: (1 2 1 2) -> (3 2 3 0) ; D4: (1 2 1 2) -> (3 2 3 0)
1172,13,2,A3+D4,4,0,A3: (1 2 1) -> (3 3 3) ; D4: (1 2 1 3) -> (3 3 3 0)
1210,8,3,A3+A4+D4,226,1q^2 + 2q^3 + 4q^4 + 2q^5 + 1q^6,A3: (1 3 1) -> (3 3 3) ; A4: (1 3 1 2) -> (3 3 3 0) ; D4: (1 3 1 2) -> (3 3 3 0)
1236,9,4,A3+A4+B4+D4,120,2q^3 + 3q^4 + 2q^5 + 1q^6,A3: (2 0 2) -> (1 3 3) ; A4: (1 2 0 2) -> (0 1 3 3) ; B4: (2 0 2 2) -> (3 3 1 0) ; D4: (2 0 2 3) -> (1 3 3 0)
1244,10,3,A3+B4+D4,65,0,A3: (2 0 2) -> (2 3 2) ; B4: (2 0 2 3) -> (2 3 2 0) ; D4: (2 0 2 3) -> (2 3 2 0)
1251,10,3,A3+A4+D4,43,2q^3 + 3q^4 + 4q^5 + 2q^6 + 1q^7,A3: (2 0 2) -> (3 2 3) ; A4: (2 0 2 2) -> (3 2 3 0) ; D4: (2 0 2 3) -> (3 2 3 0)
1298,8,3,A3+A4+D4,43,2q^3 + 4q^4 + 4q^5 + 2q^6 + 1q^7,A3: (2 1 2) -> (3 3 3) ; A4: (2 1 2 2) -> (3 3 3 0) ; D4: (2 1 2 3) -> (3 3 3 0)
1334,4,3,B2+C3+C4,552,0,B2: (0 0) -> (0 1) ; C3: (1 0 0) -> (0 1 0) ; C4: (0 1 0 0) -> (0 0 1 0)
1335,6,6,B2+B3+B4+C3+C4+F4,38,1q + 1q^3,B2: (0 0) -> (0 2) ; B3: (1 0 0) -> (0 0 2) ; B4: (0 1 0 0) -> (0 0 0 2) ; C3: (2 0 0) -> (0 2 0) ; C4: (0 2 0 0) -> (0 0 2 0) ; F4: (1 0 0 2) -> (0 0 2 0)
1336,6,3,B2+C3+C4,9,0,B2: (0 0) -> (0 3) ; C3: (3 0 0) -> (0 3 0) ; C4: (0 3 0 0) -> (0 0 3 0)
1337,6,3,B2+B3+C3,9,1q^2 + 1q^4 + 1q^6,B2: (0 0) -> (0 4) ; B3: (2 0 0) -> (0 0 4) ; C3: (4 0 0) -> (0 4 0)
1338,5,6,B2+B3+B4+C3+C4+F4,183,1q^2,B2: (0 0) -> (1 0) ; B3: (1 0 0) -> (0 1 0) ; B4: (0 1 0 0) -> (0 0 1 0) ; C3: (1 0 0) -> (0 0 1) ; C4: (0 1 0 0) -> (0 0 0 1) ; F4: (1 0 0 1) -> (0 1 0 0)
1339,6,3,B2+C3+C4,14,0,B2: (0 0) -> (1 1) ; C3: (2 0 0) -> (0 1 1) ; C4: (0 2 0 0) -> (0 0 1 1)
1340,6,6,B2+B3+B4+C3+C4+F4,24,1q^3 + 1q^4 + 1q^5,B2: (0 0) -> (1 2) ; B3: (2 0 0) -> (0 1 2) ; B4: (0 2 0 0) -> (0 0 1 2) ; C3: (3 0 0) -> (0 2 1) ; C4: (0 3 0 0) -> (0 0 2 1) ; F4: (2 0 0 3) -> (0 1 2 0)
1341,6,2,B2+C3,4,0,B2: (0 0) -> (1 3) ; C3: (4 0 0) -> (0 3 1)
1342,6,3,B2+B3+C3,7,1q^4 + 1q^5 + 1q^6 + 1q^7 + 1q^8,B2: (0 0) -> (1 4) ; B3: (3 0 0) -> (0 1 4) ; C3: (5 0 0) -> (0 4 1)
1343,6,6,B2+B3+B4+C3+C4+F4,31,1q^2 + 1q^4,B2: (0 0) -> (2 0) ; B3: (2 0 0) -> (0 2 0) ; B4: (0 2 0 0) -> (0 0 2 0) ; C3: (2 0 0) -> (0 0 2) ; C4: (0 2 0 0) -> (0 0 0 2) ; F4: (2 0 0 2) -> (0 2 0 0)
1344,6,3,B2+C3+C4,9,0,B2: (0 0) -> (2 1) ; C3: (3 0 0) -> (0 1 2) ; C4: (0 3 0 0) -> (0 0 1 2)
1345,6,4,B2+B3+B4+C3,12,1q^3 + 2q^5 + 1q^6 + 1q^7,B2: (0 0) -> (2 2) ; B3: (3 0 0) -> (0 2 2) ; B4: (0 3 0 0) -> (0 0 2 2) ; C3: (4 0 0) -> (0 2 2)
1346,6,2,B2+C3,3,0,B2: (0 0) -> (2 3) ; C3: (5 0 0) -> (0 3 2)
1347,6,3,B2+B3+C3,5,1q^4 + 2q^6 + 1q^7 + 2q^8 + 1q^9 + 1q^10,B2: (0 0) -> (2 4) ; B3: (4 0 0) -> (0 2 4) ; C3: (6 0 0) -> (0 4 2)
1348,6,6,B2+B3+B4+C3+C4+F4,18,1q^4 + 1q^6,B2: (0 0) -> (3 0) ; B3: (3 0 0) -> (0 3 0) ; B4: (0 3 0 0) -> (0 0 3 0) ; C3: (3 0 0) -> (0 0 3) ; C4: (0 3 0 0) -> (0 0 0 3) ; F4: (3 0 0 3) -> (0 3 0 0)
1349,6,2,B2+C3,4,0,B2: (0 0) -> (3 1) ; C3: (4 0 0) -> (0 1 3)
1350,6,3,B2+B3+C3,6,1q^5 + 1q^6 + 2q^7 + 1q^8 + 1q^9,B2: (0 0) -> (3 2) ; B3: (4 0 0) -> (0 3 2) ; C3: (5 0 0) -> (0 2 3)
1351,6,2,B2+C3,2,0,B2: (0 0) -> (3 3) ; C3: (6 0 0) -> (0 3 3)
1353,6,3,B2+B3+C3,7,1q^4 + 1q^6 + 1q^8,B2: (0 0) -> (4 0) ; B3: (4 0 0) -> (0 4 0) ; C3: (4 0 0) -> (0 0 4)
1354,6,2,B2+C3,3,0,B2: (0 0) -> (4 1) ; C3: (5 0 0) -> (0 1 4)
1355,6,3,B2+B3+C3,4,1q^5 + 2q^7 + 1q^8 + 2q^9 + 1q^10 + 1q^11,B2: (0 0) -> (4 2) ; B3: (5 0 0) -> (0 4 2) ; C3: (6 0 0) -> (0 2 4)
1358,5,6,B2+B3+B4+C3+C4+F4,80,1q + 1q^3,B2: (0 10) -> (0 12) ; B3: (1 0 1) -> (0 0 3) ; B4: (0 1 0 1) -> (0 0 0 3) ; C3: (2 1 0) -> (0 3 0) ; C4: (0 2 1 0) -> (0 0 3 0) ; F4: (1 0 1 2) -> (0 0 3 0)
1359,6,2,B2+C3,5,0,B2: (0 1) -> (0 4) ; C3: (3 1 0) -> (0 4 0)
1360,4,6,B2+B3+B4+C3+C4+F4,873,1q + 1q^2,B2: (0 10) -> (1 10) ; B3: (1 0 1) -> (0 1 1) ; B4: (0 1 0 1) -> (0 0 1 1) ; C3: (1 1 0) -> (0 1 1) ; C4: (0 1 1 0) -> (0 0 1 1) ; F4: (1 0 1 1) -> (0 1 1 0)
1361,6,3,B2+C3+C4,14,0,B2: (0 1) -> (1 2) ; C3: (2 1 0) -> (0 2 1) ; C4: (0 2 1 0) -> (0 0 2 1)
1362,6,6,B2+B3+B4+C3+C4+F4,24,1q^2 + 1q^3 + 1q^4 + 1q^5,B2: (0 1) -> (1 3) ; B3: (2 0 1) -> (0 1 3) ; B4: (0 2 0 1) -> (0 0 1 3) ; C3: (3 1 0) -> (0 3 1) ; C4: (0 3 1 0) -> (0 0 3 1) ; F4: (2 0 1 3) -> (0 1 3 0)
1363,6,2,B2+C3,4,0,B2: (0 1) -> (1 4) ; C3: (4 1 0) -> (0 4 1)
1364,5,3,B2+C3+C4,65,0,B2: (0 1) -> (2 0) ; C3: (1 1 0) -> (0 0 2) ; C4: (0 1 1 0) -> (0 0 0 2)
1365,6,6,B2+B3+B4+C3+C4+F4,31,1q^2 + 1q^3 + 1q^4,B2: (0 1) -> (2 1) ; B3: (2 0 1) -> (0 2 1) ; B4: (0 2 0 1) -> (0 0 2 1) ; C3: (2 1 0) -> (0 1 2) ; C4: (0 2 1 0) -> (0 0 1 2) ; F4: (2 0 1 2) -> (0 2 1 0)
1366,6,3,B2+C3+C4,9,0,B2: (0 1) -> (2 2) ; C3: (3 1 0) -> (0 2 2) ; C4: (0 3 1 0) -> (0 0 2 2)
1367,6,4,B2+B3+B4+C3,12,1q^3 + 1q^4 + 2q^5 + 1q^6 + 1q^7,B2: (0 1) -> (2 3) ; B3: (3 0 1) -> (0 2 3) ; B4: (0 3 0 1) -> (0 0 2 3) ; C3: (4 1 0) -> (0 3 2)
1368,6,2,B2+C3,3,0,B2: (0 1) -> (2 4) ; C3: (5 1 0) -> (0 4 2)
1369,6,3,B2+C3+C4,14,0,B2: (0 1) -> (3 0) ; C3: (2 1 0) -> (0 0 3) ; C4: (0 2 1 0) -> (0 0 0 3)
1370,6,6,B2+B3+B4+C3+C4+F4,18,1q^3 + 1q^4 + 1q^5 + 1q^6,B2: (0 1) -> (3 1) ; B3: (3 0 1) -> (0 3 1) ; B4: (0 3 0 1) -> (0 0 3 1) ; C3: (3 1 0) -> (0 1 3) ; C4: (0 3 1 0) -> (0 0 1 3) ; F4: (3 0 1 3) -> (0 3 1 0)
1371,6,2,B2+C3,4,0,B2: (0 1) -> (3 2) ; C3: (4 1 0) -> (0 2 3)
1372,6,3,B2+B3+C3,6,1q^4 + 1q^5 + 2q^6 + 2q^7 + 1q^8 + 1q^9,B2: (0 1) -> (3 3) ; B3: (4 0 1) -> (0 3 3) ; C3: (5 1 0) -> (0 3 3)
1373,6,2,B2+C3,2,0,B2: (0 1) -> (3 4) ; C3: (6 1 0) -> (0 4 3)
1374,6,2,B2+C3,5,0,B2: (0 1) -> (4 0) ; C3: (3 1 0) -> (0 0 4)
1375,6,3,B2+B3+C3,7,1q^4 + 1q^5 + 1q^6 + 1q^7 + 1q^8,B2: (0 1) -> (4 1) ; B3: (4 0 1) -> (0 4 1) ; C3: (4 1 0) -> (0 1 4)
1376,6,2,B2+C3,3,0,B2: (0 1) -> (4 2) ; C3: (5 1 0) -> (0 2 4)
1377,6,3,B2+B3+C3,4,1q^5 + 1q^6 + 2q^7 + 2q^8 + 2q^9 + 1q^10 + 1q^11,B2: (0 1) -> (4 3) ; B3: (5 0 1) -> (0 4 3) ; C3: (6 1 0) -> (0 3 4)
1379,5,3,B2+C3+C4,38,0,B2: (0 10) -> (1 11) ; C3: (2 2 0) -> (0 3 1) ; C4: (0 2 2 0) -> (0 0 3 1)
1380,6,3,B2+B3+C3,10,1q^2 + 1q^3 + 1q^4 + 1q^5,B2: (0 2) -> (1 4) ; B3: (2 0 2) -> (0 1 4) ; C3: (3 2 0) -> (0 4 1)
1381,4,3,B2+C3+C4,319,0,B2: (0 10) -> (2 9) ; C3: (1 2 0) -> (0 1 2) ; C4: (0 1 2 0) -> (0 0 1 2)
1382,6,6,B2+B3+B4+C3+C4+F4,31,2q^2 + 1q^3 + 1q^4,B2: (0 2) -> (2 2) ; B3: (2 0 2) -> (0 2 2) ; B4: (0 2 0 2) -> (0 0 2 2) ; C3: (2 2 0) -> (0 2 2) ; C4: (0 2 2 0) -> (0 0 2 2) ; F4: (2 0 2 2) -> (0 2 2 0)
1383,6,3,B2+C3+C4,9,0,B2: (0 2) -> (2 3) ; C3: (3 2 0) -> (0 3 2) ; C4: (0 3 2 0) -> (0 0 3 2)
1384,6,3,B2+B3+C3,8,2q^3 + 1q^4 + 2q^5 + 1q^6 + 1q^7,B2: (0 2) -> (2 4) ; B3: (3 0 2) -> (0 2 4) ; C3: (4 2 0) -> (0 4 2)
1385,5,6,B2+B3+B4+C3+C4+F4,80,1q^3,B2: (0 2) -> (3 0) ; B3: (2 0 2) -> (0 3 0) ; B4: (0 2 0 2) -> (0 0 3 0) ; C3: (1 2 0) -> (0 0 3) ; C4: (0 1 2 0) -> (0 0 0 3) ; F4: (2 0 2 1) -> (0 3 0 0)
1386,6,3,B2+C3+C4,14,0,B2: (0 2) -> (3 1) ; C3: (2 2 0) -> (0 1 3) ; C4: (0 2 2 0) -> (0 0 1 3)
1387,6,6,B2+B3+B4+C3+C4+F4,18,1q^3 + 2q^4 + 1q^5 + 1q^6,B2: (0 2) -> (3 2) ; B3: (3 0 2) -> (0 3 2) ; B4: (0 3 0 2) -> (0 0 3 2) ; C3: (3 2 0) -> (0 2 3) ; C4: (0 3 2 0) -> (0 0 2 3) ; F4: (3 0 2 3) -> (0 3 2 0)
1388,6,2,B2+C3,4,0,B2: (0 2) -> (3 3) ; C3: (4 2 0) -> (0 3 3)
1389,6,3,B2+B3+C3,6,1q^4 + 2q^5 + 2q^6 + 2q^7 + 1q^8 + 1q^9,B2: (0 2) -> (3 4) ; B3: (4 0 2) -> (0 3 4) ; C3: (5 2 0) -> (0 4 3)
1390,6,3,B2+B3+C3,10,1q^3 + 1q^5,B2: (0 2) -> (4 0) ; B3: (3 0 2) -> (0 4 0) ; C3: (2 2 0) -> (0 0 4)
1391,6,2,B2+C3,5,0,B2: (0 2) -> (4 1) ; C3: (3 2 0) -> (0 1 4)
1392,6,3,B2+B3+C3,7,2q^4 + 1q^5 + 2q^6 + 1q^7 + 1q^8,B2: (0 2) -> (4 2) ; B3: (4 0 2) -> (0 4 2) ; C3: (4 2 0) -> (0 2 4)
1393,6,2,B2+C3,3,0,B2: (0 2) -> (4 3) ; C3: (5 2 0) -> (0 3 4)
1394,6,3,B2+B3+C3,4,2q^5 + 1q^6 + 3q^7 + 2q^8 + 2q^9 + 1q^10 + 1q^11,B2: (0 2) -> (4 4) ; B3: (5 0 2) -> (0 4 4) ; C3: (6 2 0) -> (0 4 4)
1395,5,6,B2+B3+B4+C3+C4+F4,70,2q^2 + 1q^3 + 1q^4,B2: (0 10) -> (2 10) ; B3: (2 0 3) -> (0 2 3) ; B4: (0 2 0 3) -> (0 0 2 3) ; C3: (2 3 0) -> (0 3 2) ; C4: (0 2 3 0) -> (0 0 3 2) ; F4: (2 0 3 2) -> (0 2 3 0)
1396,6,2,B2+C3,5,0,B2: (0 3) -> (2 4) ; C3: (3 3 0) -> (0 4 2)
1397,4,6,B2+B3+B4+C3+C4+F4,302,1q^2 + 1q^3,B2: (0 10) -> (3 8) ; B3: (2 0 3) -> (0 3 1) ; B4: (0 2 0 3) -> (0 0 3 1) ; C3: (1 3 0) -> (0 1 3) ; C4: (0 1 3 0) -> (0 0 1 3) ; F4: (2 0 3 1) -> (0 3 1 0)
1398,6,3,B2+C3+C4,14,0,B2: (0 3) -> (3 2) ; C3: (2 3 0) -> (0 2 3) ; C4: (0 2 3 0) -> (0 0 2 3)
1399,6,6,B2+B3+B4+C3+C4+F4,18,2q^3 + 2q^4 + 1q^5 + 1q^6,B2: (0 3) -> (3 3) ; B3: (3 0 3) -> (0 3 3) ; B4: (0 3 0 3) -> (0 0 3 3) ; C3: (3 3 0) -> (0 3 3) ; C4: (0 3 3 0) -> (0 0 3 3) ; F4: (3 0 3 3) -> (0 3 3 0)
1400,6,2,B2+C3,4,0,B2: (0 3) -> (3 4) ; C3: (4 3 0) -> (0 4 3)
1401,5,2,B2+C3,27,0,B2: (0 3) -> (4 0) ; C3: (1 3 0) -> (0 0 4)
1402,6,3,B2+B3+C3,10,1q^3 + 1q^4 + 1q^5,B2: (0 3) -> (4 1) ; B3: (3 0 3) -> (0 4 1) ; C3: (2 3 0) -> (0 1 4)
1403,6,2,B2+C3,5,0,B2: (0 3) -> (4 2) ; C3: (3 3 0) -> (0 2 4)
1404,6,3,B2+B3+C3,7,2q^4 + 2q^5 + 2q^6 + 1q^7 + 1q^8,B2: (0 3) -> (4 3) ; B3: (4 0 3) -> (0 4 3) ; C3: (4 3 0) -> (0 3 4)
1405,6,2,B2+C3,3,0,B2: (0 3) -> (4 4) ; C3: (5 3 0) -> (0 4 4)
1406,5,2,B2+C3,24,0,B2: (0 10) -> (3 9) ; C3: (2 4 0) -> (0 3 3)
1407,6,3,B2+B3+C3,9,2q^3 + 2q^4 + 1q^5 + 1q^6,B2: (0 4) -> (3 4) ; B3: (3 0 4) -> (0 3 4) ; C3: (3 4 0) -> (0 4 3)
1408,4,2,B2+C3,135,0,B2: (0 10) -> (4 7) ; C3: (1 4 0) -> (0 1 4)
1409,6,3,B2+B3+C3,10,2q^3 + 1q^4 + 1q^5,B2: (0 4) -> (4 2) ; B3: (3 0 4) -> (0 4 2) ; C3: (2 4 0) -> (0 2 4)
1410,6,2,B2+C3,5,0,B2: (0 4) -> (4 3) ; C3: (3 4 0) -> (0 3 4)
1411,6,3,B2+B3+C3,7,3q^4 + 2q^5 + 2q^6 + 1q^7 + 1q^8,B2: (0 4) -> (4 4) ; B3: (4 0 4) -> (0 4 4) ; C3: (4 4 0) -> (0 4 4)
1412,2,6,B2+B3+B4+C3+C4+F4,1236,1q,B2: (1 0) -> (0 2) ; B3: (0 1 0) -> (0 0 2) ; B4: (0 0 1 0) -> (0 0 0 2) ; C3: (0 1 0) -> (2 0 0) ; C4: (0 1 0 0) -> (2 0 0 0) ; F4: (0 0 1 0) -> (0 0 0 2)
1413,4,3,B2+C3+C4,264,0,B2: (1 0) -> (0 3) ; C3: (2 0 1) -> (0 3 0) ; C4: (0 2 0 1) -> (0 0 3 0)
1414,6,3,B2+B3+C3,11,1q^2 + 1q^4,B2: (1 0) -> (0 4) ; B3: (1 1 0) -> (0 0 4) ; C3: (3 0 1) -> (0 4 0)
1415,5,6,B2+B3+B4+C3+C4+F4,156,1q + 1q^2 + 1q^3,B2: (1 0) -> (1 2) ; B3: (1 1 0) -> (0 1 2) ; B4: (0 1 1 0) -> (0 0 1 2) ; C3: (2 0 1) -> (0 2 1) ; C4: (0 2 0 1) -> (0 0 2 1) ; F4: (1 1 0 2) -> (0 1 2 0)
1416,6,3,B2+C3+C4,9,0,B2: (1 0) -> (1 3) ; C3: (3 0 1) -> (0 3 1) ; C4: (0 3 0 1) -> (0 0 3 1)
1417,6,3,B2+B3+C3,9,1q^2 + 1q^3 + 1q^4 + 1q^5 + 1q^6,B2: (1 0) -> (1 4) ; B3: (2 1 0) -> (0 1 4) ; C3: (4 0 1) -> (0 4 1)
1418,5,3,B2+C3+C4,52,0,B2: (1 0) -> (2 1) ; C3: (2 0 1) -> (0 1 2) ; C4: (0 2 0 1) -> (0 0 1 2)
1419,6,6,B2+B3+B4+C3+C4+F4,24,2q^3 + 1q^4 + 1q^5,B2: (1 0) -> (2 2) ; B3: (2 1 0) -> (0 2 2) ; B4: (0 2 1 0) -> (0 0 2 2) ; C3: (3 0 1) -> (0 2 2) ; C4: (0 3 0 1) -> (0 0 2 2) ; F4: (2 1 0 3) -> (0 2 2 0)
1420,6,2,B2+C3,4,0,B2: (1 0) -> (2 3) ; C3: (4 0 1) -> (0 3 2)
1421,6,3,B2+B3+C3,7,2q^4 + 1q^5 + 2q^6 + 1q^7 + 1q^8,B2: (1 0) -> (2 4) ; B3: (3 1 0) -> (0 2 4) ; C3: (5 0 1) -> (0 4 2)
1422,5,6,B2+B3+B4+C3+C4+F4,70,1q^2 + 1q^4,B2: (1 0) -> (3 0) ; B3: (2 1 0) -> (0 3 0) ; B4: (0 2 1 0) -> (0 0 3 0) ; C3: (2 0 1) -> (0 0 3) ; C4: (0 2 0 1) -> (0 0 0 3) ; F4: (2 1 0 2) -> (0 3 0 0)
1423,6,3,B2+C3+C4,9,0,B2: (1 0) -> (3 1) ; C3: (3 0 1) -> (0 1 3) ; C4: (0 3 0 1) -> (0 0 1 3)
1424,6,4,B2+B3+B4+C3,12,1q^3 + 1q^4 + 2q^5 + 1q^6 + 1q^7,B2: (1 0) -> (3 2) ; B3: (3 1 0) -> (0 3 2) ; B4: (0 3 1 0) -> (0 0 3 2) ; C3: (4 0 1) -> (0 2 3)
1425,6,2,B2+C3,3,0,B2: (1 0) -> (3 3) ; C3: (5 0 1) -> (0 3 3)
1426,6,3,B2+B3+C3,5,1q^4 + 1q^5 + 2q^6 + 2q^7 + 2q^8 + 1q^9 + 1q^10,B2: (1 0) -> (3 4) ; B3: (4 1 0) -> (0 3 4) ; C3: (6 0 1) -> (0 4 3)
1427,6,3,B2+B3+C3,9,1q^4 + 1q^6,B2: (1 0) -> (4 0) ; B3: (3 1 0) -> (0 4 0) ; C3: (3 0 1) -> (0 0 4)
1428,6,2,B2+C3,4,0,B2: (1 0) -> (4 1) ; C3: (4 0 1) -> (0 1 4)
1429,6,3,B2+B3+C3,6,2q^5 + 1q^6 + 2q^7 + 1q^8 + 1q^9,B2: (1 0) -> (4 2) ; B3: (4 1 0) -> (0 4 2) ; C3: (5 0 1) -> (0 2 4)
1430,6,2,B2+C3,2,0,B2: (1 0) -> (4 3) ; C3: (6 0 1) -> (0 3 4)
1432,4,6,B2+B3+B4+C3+C4+F4,462,1q + 1q^2 + 1q^3,B2: (1 10) -> (1 12) ; B3: (1 1 1) -> (0 1 3) ; B4: (0 1 1 1) -> (0 0 1 3) ; C3: (2 1 1) -> (0 3 1) ; C4: (0 2 1 1) -> (0 0 3 1) ; F4: (1 1 1 2) -> (0 1 3 0)
1433,6,2,B2+C3,5,0,B2: (1 1) -> (1 4) ; C3: (3 1 1) -> (0 4 1)
1434,5,3,B2+C3+C4,52,0,B2: (1 1) -> (2 2) ; C3: (2 1 1) -> (0 2 2) ; C4: (0 2 1 1) -> (0 0 2 2)
1435,6,6,B2+B3+B4+C3+C4+F4,24,1q^2 + 2q^3 + 1q^4 + 1q^5,B2: (1 1) -> (2 3) ; B3: (2 1 1) -> (0 2 3) ; B4: (0 2 1 1) -> (0 0 2 3) ; C3: (3 1 1) -> (0 3 2) ; C4: (0 3 1 1) -> (0 0 3 2) ; F4: (2 1 1 3) -> (0 2 3 0)
1436,6,2,B2+C3,4,0,B2: (1 1) -> (2 4) ; C3: (4 1 1) -> (0 4 2)
1437,5,6,B2+B3+B4+C3+C4+F4,70,1q^2 + 1q^3 + 1q^4,B2: (1 1) -> (3 1) ; B3: (2 1 1) -> (0 3 1) ; B4: (0 2 1 1) -> (0 0 3 1) ; C3: (2 1 1) -> (0 1 3) ; C4: (0 2 1 1) -> (0 0 1 3) ; F4: (2 1 1 2) -> (0 3 1 0)
1438,6,3,B2+C3+C4,9,0,B2: (1 1) -> (3 2) ; C3: (3 1 1) -> (0 2 3) ; C4: (0 3 1 1) -> (0 0 2 3)
1439,6,4,B2+B3+B4+C3,12,1q^3 + 2q^4 + 2q^5 + 1q^6 + 1q^7,B2: (1 1) -> (3 3) ; B3: (3 1 1) -> (0 3 3) ; B4: (0 3 1 1) -> (0 0 3 3) ; C3: (4 1 1) -> (0 3 3)
1440,6,2,B2+C3,3,0,B2: (1 1) -> (3 4) ; C3: (5 1 1) -> (0 4 3)
1441,5,2,B2+C3,24,0,B2: (1 1) -> (4 0) ; C3: (2 1 1) -> (0 0 4)
1442,6,3,B2+B3+C3,9,1q^3 + 1q^4 + 1q^5 + 1q^6,B2: (1 1) -> (4 1) ; B3: (3 1 1) -> (0 4 1) ; C3: (3 1 1) -> (0 1 4)
1443,6,2,B2+C3,4,0,B2: (1 1) -> (4 2) ; C3: (4 1 1) -> (0 2 4)
1444,6,3,B2+B3+C3,6,1q^4 + 2q^5 + 2q^6 + 2q^7 + 1q^8 + 1q^9,B2: (1 1) -> (4 3) ; B3: (4 1 1) -> (0 4 3) ; C3: (5 1 1) -> (0 3 4)
1445,6,2,B2+C3,2,0,B2: (1 1) -> (4 4) ; C3: (6 1 1) -> (0 4 4)
1446,4,3,B2+C3+C4,226,0,B2: (1 10) -> (2 11) ; C3: (2 2 1) -> (0 3 2) ; C4: (0 2 2 1) -> (0 0 3 2)
1447,6,3,B2+B3+C3,10,1q^2 + 2q^3 + 1q^4 + 1q^5,B2: (1 2) -> (2 4) ; B3: (2 1 2) -> (0 2 4) ; C3: (3 2 1) -> (0 4 2)
1448,5,6,B2+B3+B4+C3+C4+F4,70,2q^2 + 1q^3 + 1q^4,B2: (1 2) -> (3 2) ; B3: (2 1 2) -> (0 3 2) ; B4: (0 2 1 2) -> (0 0 3 2) ; C3: (2 2 1) -> (0 2 3) ; C4: (0 2 2 1) -> (0 0 2 3) ; F4: (2 1 2 2) -> (0 3 2 0)
1449,6,3,B2+C3+C4,9,0,B2: (1 2) -> (3 3) ; C3: (3 2 1) -> (0 3 3) ; C4: (0 3 2 1) -> (0 0 3 3)
1450,6,3,B2+B3+C3,8,2q^3 + 2q^4 + 2q^5 + 1q^6 + 1q^7,B2: (1 2) -> (3 4) ; B3: (3 1 2) -> (0 3 4) ; C3: (4 2 1) -> (0 4 3)
1451,5,2,B2+C3,24,0,B2: (1 2) -> (4 1) ; C3: (2 2 1) -> (0 1 4)
1452,6,3,B2+B3+C3,9,1q^3 + 2q^4 + 1q^5 + 1q^6,B2: (1 2) -> (4 2) ; B3: (3 1 2) -> (0 4 2) ; C3: (3 2 1) -> (0 2 4)
1453,6,2,B2+C3,4,0,B2: (1 2) -> (4 3) ; C3: (4 2 1) -> (0 3 4)
1454,6,3,B2+B3+C3,6,1q^4 + 3q^5 + 2q^6 + 2q^7 + 1q^8 + 1q^9,B2: (1 2) -> (4 4) ; B3: (4 1 2) -> (0 4 4) ; C3: (5 2 1) -> (0 4 4)
1455,4,6,B2+B3+B4+C3+C4+F4,280,2q^2 + 1q^3 + 1q^4,B2: (1 10) -> (3 10) ; B3: (2 1 3) -> (0 3 3) ; B4: (0 2 1 3) -> (0 0 3 3) ; C3: (2 3 1) -> (0 3 3) ; C4: (0 2 3 1) -> (0 0 3 3) ; F4: (2 1 3 2) -> (0 3 3 0)
1456,6,2,B2+C3,5,0,B2: (1 3) -> (3 4) ; C3: (3 3 1) -> (0 4 3)
1457,5,2,B2+C3,24,0,B2: (1 3) -> (4 2) ; C3: (2 3 1) -> (0 2 4)
1458,6,3,B2+B3+C3,9,2q^3 + 2q^4 + 1q^5 + 1q^6,B2: (1 3) -> (4 3) ; B3: (3 1 3) -> (0 4 3) ; C3: (3 3 1) -> (0 3 4)
1459,6,2,B2+C3,4,0,B2: (1 3) -> (4 4) ; C3: (4 3 1) -> (0 4 4)
1460,4,2,B2+C3,126,0,B2: (1 10) -> (4 9) ; C3: (2 4 1) -> (0 3 4)
1461,6,3,B2+B3+C3,9,2q^3 + 2q^4 + 1q^5 + 1q^6,B2: (1 4) -> (4 4) ; B3: (3 1 4) -> (0 4 4) ; C3: (3 4 1) -> (0 4 4)
1462,2,3,B2+B3+C3,384,1q^2,B2: (10 0) -> (8 4) ; B3: (0 2 0) -> (0 0 4) ; C3: (0 2 0) -> (4 0 0)
1463,5,3,B2+B3+C3,61,1q^2 + 1q^3 + 1q^4,B2: (10 0) -> (9 4) ; B3: (1 2 0) -> (0 1 4) ; C3: (3 0 2) -> (0 4 1)
1464,5,3,B2+C3+C4,39,0,B2: (10 0) -> (10 3) ; C3: (3 0 2) -> (0 3 2) ; C4: (0 3 0 2) -> (0 0 3 2)
1465,6,3,B2+B3+C3,9,1q^2 + 1q^3 + 2q^4 + 1q^5 + 1q^6,B2: (2 0) -> (2 4) ; B3: (2 2 0) -> (0 2 4) ; C3: (4 0 2) -> (0 4 2)
1466,5,6,B2+B3+B4+C3+C4+F4,60,2q^3 + 1q^4 + 1q^5,B2: (10 0) -> (11 2) ; B3: (2 2 0) -> (0 3 2) ; B4: (0 2 2 0) -> (0 0 3 2) ; C3: (3 0 2) -> (0 2 3) ; C4: (0 3 0 2) -> (0 0 2 3) ; F4: (2 2 0 3) -> (0 3 2 0)
1467,6,2,B2+C3,4,0,B2: (2 0) -> (3 3) ; C3: (4 0 2) -> (0 3 3)
1468,6,3,B2+B3+C3,7,2q^4 + 2q^5 + 2q^6 + 1q^7 + 1q^8,B2: (2 0) -> (3 4) ; B3: (3 2 0) -> (0 3 4) ; C3: (5 0 2) -> (0 4 3)
1469,5,2,B2+C3,21,0,B2: (10 0) -> (12 1) ; C3: (3 0 2) -> (0 1 4)
1470,6,3,B2+B3+C3,8,1q^3 + 1q^4 + 2q^5 + 1q^6 + 1q^7,B2: (2 0) -> (4 2) ; B3: (3 2 0) -> (0 4 2) ; C3: (4 0 2) -> (0 2 4)
1471,6,2,B2+C3,3,0,B2: (2 0) -> (4 3) ; C3: (5 0 2) -> (0 3 4)
1472,6,3,B2+B3+C3,5,1q^4 + 1q^5 + 3q^6 + 2q^7 + 2q^8 + 1q^9 + 1q^10,B2: (2 0) -> (4 4) ; B3: (4 2 0) -> (0 4 4) ; C3: (6 0 2) -> (0 4 4)
1473,5,2,B2+C3,31,0,B2: (10 1) -> (10 4) ; C3: (3 1 2) -> (0 4 2)
1474,5,6,B2+B3+B4+C3+C4+F4,60,1q^2 + 2q^3 + 1q^4 + 1q^5,B2: (10 1) -> (11 3) ; B3: (2 2 1) -> (0 3 3) ; B4: (0 2 2 1) -> (0 0 3 3) ; C3: (3 1 2) -> (0 3 3) ; C4: (0 3 1 2) -> (0 0 3 3) ; F4: (2 2 1 3) -> (0 3 3 0)
1475,6,2,B2+C3,4,0,B2: (2 1) -> (3 4) ; C3: (4 1 2) -> (0 4 3)
1476,5,2,B2+C3,21,0,B2: (10 1) -> (12 2) ; C3: (3 1 2) -> (0 2 4)
1477,6,3,B2+B3+C3,8,1q^3 + 2q^4 + 2q^5 + 1q^6 + 1q^7,B2: (2 1) -> (4 3) ; B3: (3 2 1) -> (0 4 3) ; C3: (4 1 2) -> (0 3 4)
1478,6,2,B2+C3,3,0,B2: (2 1) -> (4 4) ; C3: (5 1 2) -> (0 4 4)
1479,5,3,B2+B3+C3,46,1q^2 + 2q^3 + 1q^4 + 1q^5,B2: (10 2) -> (11 4) ; B3: (2 2 2) -> (0 3 4) ; C3: (3 2 2) -> (0 4 3)
1480,5,2,B2+C3,21,0,B2: (10 2) -> (12 3) ; C3: (3 2 2) -> (0 3 4)
1481,6,3,B2+B3+C3,8,2q^3 + 2q^4 + 2q^5 + 1q^6 + 1q^7,B2: (2 2) -> (4 4) ; B3: (3 2 2) -> (0 4 4) ; C3: (4 2 2) -> (0 4 4)
1482,5,2,B2+C3,21,0,B2: (10 3) -> (12 4) ; C3: (3 3 2) -> (0 4 4)
1483,5,3,B2+B3+C3,42,1q^2 + 1q^3 + 2q^4 + 1q^5 + 1q^6,B2: (10 0) -> (10 4) ; B3: (2 3 0) -> (0 3 4) ; C3: (4 0 3) -> (0 4 3)
1484,5,2,B2+C3,18,0,B2: (10 0) -> (11 3) ; C3: (4 0 3) -> (0 3 4)
1485,6,3,B2+B3+C3,7,2q^4 + 2q^5 + 2q^6 + 1q^7 + 1q^8,B2: (3 0) -> (4 4) ; B3: (3 3 0) -> (0 4 4) ; C3: (5 0 3) -> (0 4 4)
1486,5,2,B2+C3,18,0,B2: (10 1) -> (11 4) ; C3: (4 1 3) -> (0 4 4)
1724,2,3,A1+B2+C3,100,0,A1: (0) -> (5) ; B2: (0 10) -> (5 5) ; C3: (0 5 0) -> (0 0 5)
1727,6,3,A2+A3+B3,25,1q^5 + 1q^6 + 1q^7,A2: (0 0) -> (2 5) ; A3: (0 0 3) -> (5 2 0) ; B3: (0 0 6) -> (5 2 0)
1732,5,3,A2+A3+B3,128,1q^4 + 1q^5,A2: (0 1) -> (1 5) ; A3: (0 1 3) -> (1 5 0) ; B3: (0 1 6) -> (1 5 0)
1736,5,3,A2+A3+B3,140,1q^4,A2: (0 1) -> (5 0) ; A3: (0 1 1) -> (5 0 0) ; B3: (0 1 2) -> (5 0 0)
1739,6,3,A2+A3+B3,25,1q^4 + 1q^5 + 1q^6 + 1q^7,A2: (0 1) -> (5 3) ; A3: (0 1 3) -> (5 3 0) ; B3: (0 1 6) -> (5 3 0)
1743,5,3,A2+A3+B3,116,1q^3 + 1q^4 + 1q^5 + 1q^6,A2: (0 2) -> (3 5) ; A3: (0 2 3) -> (3 5 0) ; B3: (0 2 6) -> (3 5 0)
1746,4,3,A2+A3+B3,1020,1q^3 + 1q^4,A2: (0 10) -> (5 9) ; A3: (0 2 1) -> (5 1 0) ; B3: (0 2 2) -> (5 1 0)
1749,6,3,A2+A3+B3,25,1q^4 + 1q^5 + 1q^6 + 1q^7,A2: (0 2) -> (5 4) ; A3: (0 2 3) -> (5 4 0) ; B3: (0 2 6) -> (5 4 0)
1754,5,3,A2+A3+B3,106,1q^4 + 1q^5 + 1q^6 + 1q^7,A2: (0 10) -> (5 12) ; A3: (0 3 3) -> (5 5 0) ; B3: (0 3 6) -> (5 5 0)
1756,5,3,A2+A3+B3,128,1q^3 + 1q^4 + 1q^5,A2: (1 1) -> (2 5) ; A3: (1 1 2) -> (5 2 0) ; B3: (1 1 4) -> (5 2 0)
1761,5,3,A2+A3+B3,116,1q^3 + 1q^4 + 1q^5 + 1q^6,A2: (1 2) -> (4 5) ; A3: (1 2 3) -> (4 5 0) ; B3: (1 2 6) -> (4 5 0)
1763,4,3,A2+A3+B3,816,1q^3 + 1q^4 + 1q^5,A2: (1 10) -> (5 11) ; A3: (1 2 2) -> (5 3 0) ; B3: (1 2 4) -> (5 3 0)
1768,4,3,A2+A3+B3,260,1q^3 + 1q^4 + 1q^5 + 1q^6,A2: (2 2) -> (5 5) ; A3: (2 2 3) -> (5 5 0) ; B3: (2 2 6) -> (5 5 0)
4195,6,2,B2+C3,3,0,B2: (0 0) -> (0 5) ; C3: (5 0 0) -> (0 5 0)
4196,6,2,B2+C3,2,0,B2: (0 0) -> (1 5) ; C3: (6 0 0) -> (0 5 1)
4200,6,3,B2+B3+C3,5,1q^6 + 1q^8 + 1q^10,B2: (0 0) -> (5 0) ; B3: (5 0 0) -> (0 5 0) ; C3: (5 0 0) -> (0 0 5)
4201,6,2,B2+C3,2,0,B2: (0 0) -> (5 1) ; C3: (6 0 0) -> (0 1 5)
4206,6,3,B2+B3+C3,9,1q^2 + 1q^4 + 1q^6,B2: (0 1) -> (0 5) ; B3: (2 0 1) -> (0 0 5) ; C3: (4 1 0) -> (0 5 0)
4207,6,3,B2+B3+C3,7,1q^3 + 1q^4 + 1q^5 + 1q^6 + 1q^7 + 1q^8,B2: (0 1) -> (1 5) ; B3: (3 0 1) -> (0 1 5) ; C3: (5 1 0) -> (0 5 1)
4208,6,3,B2+B3+C3,5,1q^4 + 1q^5 + 2q^6 + 1q^7 + 2q^8 + 1q^9 + 1q^10,B2: (0 1) -> (2 5) ; B3: (4 0 1) -> (0 2 5) ; C3: (6 1 0) -> (0 5 2)
4211,6,2,B2+C3,4,0,B2: (0 1) -> (5 0) ; C3: (4 1 0) -> (0 0 5)
4212,6,3,B2+B3+C3,5,1q^5 + 1q^6 + 1q^7 + 1q^8 + 1q^9 + 1q^10,B2: (0 1) -> (5 1) ; B3: (5 0 1) -> (0 5 1) ; C3: (5 1 0) -> (0 1 5)
4213,6,2,B2+C3,2,0,B2: (0 1) -> (5 2) ; C3: (6 1 0) -> (0 2 5)
4217,5,2,B2+C3,16,0,B2: (0 2) -> (0 5) ; C3: (3 2 0) -> (0 5 0)
4218,6,2,B2+C3,4,0,B2: (0 2) -> (1 5) ; C3: (4 2 0) -> (0 5 1)
4219,6,2,B2+C3,3,0,B2: (0 2) -> (2 5) ; C3: (5 2 0) -> (0 5 2)
4220,6,2,B2+C3,2,0,B2: (0 2) -> (3 5) ; C3: (6 2 0) -> (0 5 3)
4222,6,3,B2+B3+C3,8,1q^5 + 1q^7,B2: (0 2) -> (5 0) ; B3: (4 0 2) -> (0 5 0) ; C3: (3 2 0) -> (0 0 5)
4223,6,2,B2+C3,4,0,B2: (0 2) -> (5 1) ; C3: (4 2 0) -> (0 1 5)
4224,6,3,B2+B3+C3,5,1q^5 + 2q^6 + 1q^7 + 2q^8 + 1q^9 + 1q^10,B2: (0 2) -> (5 2) ; B3: (5 0 2) -> (0 5 2) ; C3: (5 2 0) -> (0 2 5)
4225,6,2,B2+C3,2,0,B2: (0 2) -> (5 3) ; C3: (6 2 0) -> (0 3 5)
4228,5,3,B2+B3+C3,26,1q^2 + 1q^3 + 1q^4 + 1q^5,B2: (0 10) -> (1 12) ; B3: (2 0 3) -> (0 1 5) ; C3: (3 3 0) -> (0 5 1)
4229,6,3,B2+B3+C3,8,2q^3 + 1q^4 + 2q^5 + 1q^6 + 1q^7,B2: (0 3) -> (2 5) ; B3: (3 0 3) -> (0 2 5) ; C3: (4 3 0) -> (0 5 2)
4230,6,3,B2+B3+C3,6,2q^4 + 2q^5 + 2q^6 + 2q^7 + 1q^8 + 1q^9,B2: (0 3) -> (3 5) ; B3: (4 0 3) -> (0 3 5) ; C3: (5 3 0) -> (0 5 3)
4231,6,3,B2+B3+C3,4,2q^5 + 2q^6 + 3q^7 + 2q^8 + 2q^9 + 1q^10 + 1q^11,B2: (0 3) -> (4 5) ; B3: (5 0 3) -> (0 4 5) ; C3: (6 3 0) -> (0 5 4)
4232,6,2,B2+C3,6,0,B2: (0 3) -> (5 0) ; C3: (2 3 0) -> (0 0 5)
4233,6,3,B2+B3+C3,8,1q^4 + 1q^5 + 1q^6 + 1q^7,B2: (0 3) -> (5 1) ; B3: (4 0 3) -> (0 5 1) ; C3: (3 3 0) -> (0 1 5)
4234,6,2,B2+C3,4,0,B2: (0 3) -> (5 2) ; C3: (4 3 0) -> (0 2 5)
4235,6,3,B2+B3+C3,5,2q^5 + 2q^6 + 2q^7 + 2q^8 + 1q^9 + 1q^10,B2: (0 3) -> (5 3) ; B3: (5 0 3) -> (0 5 3) ; C3: (5 3 0) -> (0 3 5)
4236,6,2,B2+C3,2,0,B2: (0 3) -> (5 4) ; C3: (6 3 0) -> (0 4 5)
4238,5,2,B2+C3,16,0,B2: (0 10) -> (2 11) ; C3: (3 4 0) -> (0 5 2)
4239,6,2,B2+C3,4,0,B2: (0 4) -> (3 5) ; C3: (4 4 0) -> (0 5 3)
4240,6,2,B2+C3,3,0,B2: (0 4) -> (4 5) ; C3: (5 4 0) -> (0 5 4)
4241,5,3,B2+B3+C3,28,1q^4,B2: (0 4) -> (5 0) ; B3: (3 0 4) -> (0 5 0) ; C3: (1 4 0) -> (0 0 5)
4242,6,2,B2+C3,6,0,B2: (0 4) -> (5 1) ; C3: (2 4 0) -> (0 1 5)
4243,6,3,B2+B3+C3,8,1q^4 + 2q^5 + 1q^6 + 1q^7,B2: (0 4) -> (5 2) ; B3: (4 0 4) -> (0 5 2) ; C3: (3 4 0) -> (0 2 5)
4244,6,2,B2+C3,4,0,B2: (0 4) -> (5 3) ; C3: (4 4 0) -> (0 3 5)
4245,6,3,B2+B3+C3,5,2q^5 + 3q^6 + 2q^7 + 2q^8 + 1q^9 + 1q^10,B2: (0 4) -> (5 4) ; B3: (5 0 4) -> (0 5 4) ; C3: (5 4 0) -> (0 4 5)
4246,6,2,B2+C3,2,0,B2: (0 4) -> (5 5) ; C3: (6 4 0) -> (0 5 5)
4247,5,3,B2+B3+C3,24,2q^3 + 2q^4 + 1q^5 + 1q^6,B2: (0 10) -> (3 10) ; B3: (3 0 5) -> (0 3 5) ; C3: (3 5 0) -> (0 5 3)
4248,5,3,B2+B3+C3,26,2q^3 + 1q^4 + 1q^5,B2: (0 10) -> (4 8) ; B3: (3 0 5) -> (0 4 3) ; C3: (2 5 0) -> (0 3 4)
4249,6,2,B2+C3,5,0,B2: (0 5) -> (4 4) ; C3: (3 5 0) -> (0 4 4)
4250,6,3,B2+B3+C3,7,3q^4 + 2q^5 + 2q^6 + 1q^7 + 1q^8,B2: (0 5) -> (4 5) ; B3: (4 0 5) -> (0 4 5) ; C3: (4 5 0) -> (0 5 4)
4251,4,3,B2+B3+C3,104,1q^3 + 1q^4,B2: (0 10) -> (5 6) ; B3: (3 0 5) -> (0 5 1) ; C3: (1 5 0) -> (0 1 5)
4252,6,2,B2+C3,6,0,B2: (0 5) -> (5 2) ; C3: (2 5 0) -> (0 2 5)
4253,6,3,B2+B3+C3,8,2q^4 + 2q^5 + 1q^6 + 1q^7,B2: (0 5) -> (5 3) ; B3: (4 0 5) -> (0 5 3) ; C3: (3 5 0) -> (0 3 5)
4254,6,2,B2+C3,4,0,B2: (0 5) -> (5 4) ; C3: (4 5 0) -> (0 4 5)
4255,6,3,B2+B3+C3,5,3q^5 + 3q^6 + 2q^7 + 2q^8 + 1q^9 + 1q^10,B2: (0 5) -> (5 5) ; B3: (5 0 5) -> (0 5 5) ; C3: (5 5 0) -> (0 5 5)
4256,6,2,B2+C3,4,0,B2: (1 0) -> (0 5) ; C3: (4 0 1) -> (0 5 0)
4257,6,2,B2+C3,3,0,B2: (1 0) -> (1 5) ; C3: (5 0 1) -> (0 5 1)
4258,6,2,B2+C3,2,0,B2: (1 0) -> (2 5) ; C3: (6 0 1) -> (0 5 2)
4261,6,3,B2+B3+C3,7,1q^4 + 1q^6 + 1q^8,B2: (1 0) -> (5 0) ; B3: (4 1 0) -> (0 5 0) ; C3: (4 0 1) -> (0 0 5)
4262,6,2,B2+C3,3,0,B2: (1 0) -> (5 1) ; C3: (5 0 1) -> (0 1 5)
4263,6,3,B2+B3+C3,4,1q^5 + 1q^6 + 2q^7 + 1q^8 + 2q^9 + 1q^10 + 1q^11,B2: (1 0) -> (5 2) ; B3: (5 1 0) -> (0 5 2) ; C3: (6 0 1) -> (0 2 5)
4267,5,3,B2+B3+C3,28,1q^2 + 1q^4,B2: (1 1) -> (0 5) ; B3: (1 1 1) -> (0 0 5) ; C3: (3 1 1) -> (0 5 0)
4268,6,3,B2+B3+C3,9,1q^2 + 1q^3 + 1q^4 + 1q^5 + 1q^6,B2: (1 1) -> (1 5) ; B3: (2 1 1) -> (0 1 5) ; C3: (4 1 1) -> (0 5 1)
4269,6,3,B2+B3+C3,7,1q^3 + 2q^4 + 1q^5 + 2q^6 + 1q^7 + 1q^8,B2: (1 1) -> (2 5) ; B3: (3 1 1) -> (0 2 5) ; C3: (5 1 1) -> (0 5 2)
4270,6,3,B2+B3+C3,5,1q^4 + 2q^5 + 2q^6 + 2q^7 + 2q^8 + 1q^9 + 1q^10,B2: (1 1) -> (3 5) ; B3: (4 1 1) -> (0 3 5) ; C3: (6 1 1) -> (0 5 3)
4272,6,2,B2+C3,5,0,B2: (1 1) -> (5 0) ; C3: (3 1 1) -> (0 0 5)
4273,6,3,B2+B3+C3,7,1q^4 + 1q^5 + 1q^6 + 1q^7 + 1q^8,B2: (1 1) -> (5 1) ; B3: (4 1 1) -> (0 5 1) ; C3: (4 1 1) -> (0 1 5)
4274,6,2,B2+C3,3,0,B2: (1 1) -> (5 2) ; C3: (5 1 1) -> (0 2 5)
4275,6,3,B2+B3+C3,4,1q^5 + 2q^6 + 2q^7 + 2q^8 + 2q^9 + 1q^10 + 1q^11,B2: (1 1) -> (5 3) ; B3: (5 1 1) -> (0 5 3) ; C3: (6 1 1) -> (0 3 5)
4278,5,2,B2+C3,16,0,B2: (1 2) -> (1 5) ; C3: (3 2 1) -> (0 5 1)
4279,6,2,B2+C3,4,0,B2: (1 2) -> (2 5) ; C3: (4 2 1) -> (0 5 2)
4280,6,2,B2+C3,3,0,B2: (1 2) -> (3 5) ; C3: (5 2 1) -> (0 5 3)
4281,6,2,B2+C3,2,0,B2: (1 2) -> (4 5) ; C3: (6 2 1) -> (0 5 4)
4282,5,3,B2+B3+C3,26,1q^3 + 1q^5,B2: (1 2) -> (5 0) ; B3: (3 1 2) -> (0 5 0) ; C3: (2 2 1) -> (0 0 5)
4283,6,2,B2+C3,5,0,B2: (1 2) -> (5 1) ; C3: (3 2 1) -> (0 1 5)
4284,6,3,B2+B3+C3,7,2q^4 + 1q^5 + 2q^6 + 1q^7 + 1q^8,B2: (1 2) -> (5 2) ; B3: (4 1 2) -> (0 5 2) ; C3: (4 2 1) -> (0 2 5)
4285,6,2,B2+C3,3,0,B2: (1 2) -> (5 3) ; C3: (5 2 1) -> (0 3 5)
4286,6,3,B2+B3+C3,4,2q^5 + 2q^6 + 3q^7 + 2q^8 + 2q^9 + 1q^10 + 1q^11,B2: (1 2) -> (5 4) ; B3: (5 1 2) -> (0 5 4) ; C3: (6 2 1) -> (0 4 5)
4288,5,3,B2+B3+C3,26,1q^2 + 2q^3 + 1q^4 + 1q^5,B2: (1 10) -> (2 12) ; B3: (2 1 3) -> (0 2 5) ; C3: (3 3 1) -> (0 5 2)
4289,6,3,B2+B3+C3,8,2q^3 + 2q^4 + 2q^5 + 1q^6 + 1q^7,B2: (1 3) -> (3 5) ; B3: (3 1 3) -> (0 3 5) ; C3: (4 3 1) -> (0 5 3)
4290,6,3,B2+B3+C3,6,2q^4 + 3q^5 + 2q^6 + 2q^7 + 1q^8 + 1q^9,B2: (1 3) -> (4 5) ; B3: (4 1 3) -> (0 4 5) ; C3: (5 3 1) -> (0 5 4)
4291,5,3,B2+B3+C3,26,1q^3 + 1q^4 + 1q^5,B2: (1 3) -> (5 1) ; B3: (3 1 3) -> (0 5 1) ; C3: (2 3 1) -> (0 1 5)
4292,6,2,B2+C3,5,0,B2: (1 3) -> (5 2) ; C3: (3 3 1) -> (0 2 5)
4293,6,3,B2+B3+C3,7,2q^4 + 2q^5 + 2q^6 + 1q^7 + 1q^8,B2: (1 3) -> (5 3) ; B3: (4 1 3) -> (0 5 3) ; C3: (4 3 1) -> (0 3 5)
4294,6,2,B2+C3,3,0,B2: (1 3) -> (5 4) ; C3: (5 3 1) -> (0 4 5)
4295,6,3,B2+B3+C3,4,2q^5 + 3q^6 + 3q^7 + 2q^8 + 2q^9 + 1q^10 + 1q^11,B2: (1 3) -> (5 5) ; B3: (5 1 3) -> (0 5 5) ; C3: (6 3 1) -> (0 5 5)
4296,5,2,B2+C3,16,0,B2: (1 10) -> (3 11) ; C3: (3 4 1) -> (0 5 3)
4297,6,2,B2+C3,4,0,B2: (1 4) -> (4 5) ; C3: (4 4 1) -> (0 5 4)
4298,5,3,B2+B3+C3,26,2q^3 + 1q^4 + 1q^5,B2: (1 4) -> (5 2) ; B3: (3 1 4) -> (0 5 2) ; C3: (2 4 1) -> (0 2 5)
4299,6,2,B2+C3,5,0,B2: (1 4) -> (5 3) ; C3: (3 4 1) -> (0 3 5)
4300,6,3,B2+B3+C3,7,3q^4 + 2q^5 + 2q^6 + 1q^7 + 1q^8,B2: (1 4) -> (5 4) ; B3: (4 1 4) -> (0 5 4) ; C3: (4 4 1) -> (0 4 5)
4301,6,2,B2+C3,3,0,B2: (1 4) -> (5 5) ; C3: (5 4 1) -> (0 5 5)
4302,5,3,B2+B3+C3,24,2q^3 + 2q^4 + 1q^5 + 1q^6,B2: (1 10) -> (4 10) ; B3: (3 1 5) -> (0 4 5) ; C3: (3 5 1) -> (0 5 4)
4303,4,3,B2+B3+C3,100,2q^3 + 1q^4 + 1q^5,B2: (1 10) -> (5 8) ; B3: (3 1 5) -> (0 5 3) ; C3: (2 5 1) -> (0 3 5)
4304,6,2,B2+C3,5,0,B2: (1 5) -> (5 4) ; C3: (3 5 1) -> (0 4 5)
4305,6,3,B2+B3+C3,7,3q^4 + 2q^5 + 2q^6 + 1q^7 + 1q^8,B2: (1 5) -> (5 5) ; B3: (4 1 5) -> (0 5 5) ; C3: (4 5 1) -> (0 5 5)
4306,4,2,B2+C3,128,0,B2: (10 0) -> (8 5) ; C3: (3 0 2) -> (0 5 0)
4307,6,2,B2+C3,4,0,B2: (2 0) -> (1 5) ; C3: (4 0 2) -> (0 5 1)
4308,6,2,B2+C3,3,0,B2: (2 0) -> (2 5) ; C3: (5 0 2) -> (0 5 2)
4309,6,2,B2+C3,2,0,B2: (2 0) -> (3 5) ; C3: (6 0 2) -> (0 5 3)
4311,5,3,B2+B3+C3,24,1q^4 + 1q^6,B2: (2 0) -> (5 0) ; B3: (3 2 0) -> (0 5 0) ; C3: (3 0 2) -> (0 0 5)
4312,6,2,B2+C3,4,0,B2: (2 0) -> (5 1) ; C3: (4 0 2) -> (0 1 5)
4313,6,3,B2+B3+C3,6,2q^5 + 1q^6 + 2q^7 + 1q^8 + 1q^9,B2: (2 0) -> (5 2) ; B3: (4 2 0) -> (0 5 2) ; C3: (5 0 2) -> (0 2 5)
4314,6,2,B2+C3,2,0,B2: (2 0) -> (5 3) ; C3: (6 0 2) -> (0 3 5)
4317,4,3,B2+B3+C3,188,1q^2 + 1q^3 + 1q^4,B2: (10 1) -> (9 5) ; B3: (1 2 1) -> (0 1 5) ; C3: (3 1 2) -> (0 5 1)
4318,6,3,B2+B3+C3,9,1q^2 + 1q^3 + 2q^4 + 1q^5 + 1q^6,B2: (2 1) -> (2 5) ; B3: (2 2 1) -> (0 2 5) ; C3: (4 1 2) -> (0 5 2)
4319,6,3,B2+B3+C3,7,1q^3 + 2q^4 + 2q^5 + 2q^6 + 1q^7 + 1q^8,B2: (2 1) -> (3 5) ; B3: (3 2 1) -> (0 3 5) ; C3: (5 1 2) -> (0 5 3)
4320,6,3,B2+B3+C3,5,1q^4 + 2q^5 + 3q^6 + 2q^7 + 2q^8 + 1q^9 + 1q^10,B2: (2 1) -> (4 5) ; B3: (4 2 1) -> (0 4 5) ; C3: (6 1 2) -> (0 5 4)
4321,5,3,B2+B3+C3,24,1q^3 + 1q^4 + 1q^5 + 1q^6,B2: (2 1) -> (5 1) ; B3: (3 2 1) -> (0 5 1) ; C3: (3 1 2) -> (0 1 5)
4322,6,2,B2+C3,4,0,B2: (2 1) -> (5 2) ; C3: (4 1 2) -> (0 2 5)
4323,6,3,B2+B3+C3,6,1q^4 + 2q^5 + 2q^6 + 2q^7 + 1q^8 + 1q^9,B2: (2 1) -> (5 3) ; B3: (4 2 1) -> (0 5 3) ; C3: (5 1 2) -> (0 3 5)
4324,6,2,B2+C3,2,0,B2: (2 1) -> (5 4) ; C3: (6 1 2) -> (0 4 5)
4326,4,2,B2+C3,128,0,B2: (10 2) -> (10 5) ; C3: (3 2 2) -> (0 5 2)
4327,6,2,B2+C3,4,0,B2: (2 2) -> (3 5) ; C3: (4 2 2) -> (0 5 3)
4328,6,2,B2+C3,3,0,B2: (2 2) -> (4 5) ; C3: (5 2 2) -> (0 5 4)
4329,5,3,B2+B3+C3,24,1q^3 + 2q^4 + 1q^5 + 1q^6,B2: (2 2) -> (5 2) ; B3: (3 2 2) -> (0 5 2) ; C3: (3 2 2) -> (0 2 5)
4330,6,2,B2+C3,4,0,B2: (2 2) -> (5 3) ; C3: (4 2 2) -> (0 3 5)
4331,6,3,B2+B3+C3,6,1q^4 + 3q^5 + 2q^6 + 2q^7 + 1q^8 + 1q^9,B2: (2 2) -> (5 4) ; B3: (4 2 2) -> (0 5 4) ; C3: (5 2 2) -> (0 4 5)
4332,6,2,B2+C3,2,0,B2: (2 2) -> (5 5) ; C3: (6 2 2) -> (0 5 5)
4333,4,3,B2+B3+C3,152,1q^2 + 2q^3 + 1q^4 + 1q^5,B2: (10 10) -> (11 12) ; B3: (2 2 3) -> (0 3 5) ; C3: (3 3 2) -> (0 5 3)
4334,6,3,B2+B3+C3,8,2q^3 + 2q^4 + 2q^5 + 1q^6 + 1q^7,B2: (2 3) -> (4 5) ; B3: (3 2 3) -> (0 4 5) ; C3: (4 3 2) -> (0 5 4)
4335,5,3,B2+B3+C3,24,2q^3 + 2q^4 + 1q^5 + 1q^6,B2: (2 3) -> (5 3) ; B3: (3 2 3) -> (0 5 3) ; C3: (3 3 2) -> (0 3 5)
4336,6,2,B2+C3,4,0,B2: (2 3) -> (5 4) ; C3: (4 3 2) -> (0 4 5)
4337,6,3,B2+B3+C3,6,2q^4 + 3q^5 + 2q^6 + 2q^7 + 1q^8 + 1q^9,B2: (2 3) -> (5 5) ; B3: (4 2 3) -> (0 5 5) ; C3: (5 3 2) -> (0 5 5)
4338,4,2,B2+C3,96,0,B2: (10 10) -> (12 11) ; C3: (3 4 2) -> (0 5 4)
4339,5,3,B2+B3+C3,24,2q^3 + 2q^4 + 1q^5 + 1q^6,B2: (2 4) -> (5 4) ; B3: (3 2 4) -> (0 5 4) ; C3: (3 4 2) -> (0 4 5)
4340,6,2,B2+C3,4,0,B2: (2 4) -> (5 5) ; C3: (4 4 2) -> (0 5 5)
4341,4,3,B2+B3+C3,96,2q^3 + 2q^4 + 1q^5 + 1q^6,B2: (2 10) -> (5 10) ; B3: (3 2 5) -> (0 5 5) ; C3: (3 5 2) -> (0 5 5)
4342,5,2,B2+C3,22,0,B2: (10 0) -> (9 5) ; C3: (4 0 3) -> (0 5 2)
4343,6,2,B2+C3,3,0,B2: (3 0) -> (3 5) ; C3: (5 0 3) -> (0 5 3)
4344,6,2,B2+C3,2,0,B2: (3 0) -> (4 5) ; C3: (6 0 3) -> (0 5 4)
4345,5,3,B2+B3+C3,22,1q^3 + 1q^4 + 2q^5 + 1q^6 + 1q^7,B2: (10 0) -> (12 2) ; B3: (3 3 0) -> (0 5 2) ; C3: (4 0 3) -> (0 2 5)
4346,6,2,B2+C3,3,0,B2: (3 0) -> (5 3) ; C3: (5 0 3) -> (0 3 5)
4347,6,3,B2+B3+C3,5,1q^4 + 1q^5 + 3q^6 + 2q^7 + 2q^8 + 1q^9 + 1q^10,B2: (3 0) -> (5 4) ; B3: (4 3 0) -> (0 5 4) ; C3: (6 0 3) -> (0 4 5)
4349,5,3,B2+B3+C3,42,1q^2 + 1q^3 + 2q^4 + 1q^5 + 1q^6,B2: (10 1) -> (10 5) ; B3: (2 3 1) -> (0 3 5) ; C3: (4 1 3) -> (0 5 3)
4350,6,3,B2+B3+C3,7,1q^3 + 2q^4 + 2q^5 + 2q^6 + 1q^7 + 1q^8,B2: (3 1) -> (4 5) ; B3: (3 3 1) -> (0 4 5) ; C3: (5 1 3) -> (0 5 4)
4351,5,3,B2+B3+C3,22,1q^3 + 2q^4 + 2q^5 + 1q^6 + 1q^7,B2: (10 1) -> (12 3) ; B3: (3 3 1) -> (0 5 3) ; C3: (4 1 3) -> (0 3 5)
4352,6,2,B2+C3,3,0,B2: (3 1) -> (5 4) ; C3: (5 1 3) -> (0 4 5)
4353,6,3,B2+B3+C3,5,1q^4 + 2q^5 + 3q^6 + 2q^7 + 2q^8 + 1q^9 + 1q^10,B2: (3 1) -> (5 5) ; B3: (4 3 1) -> (0 5 5) ; C3: (6 1 3) -> (0 5 5)
4354,5,2,B2+C3,18,0,B2: (10 2) -> (11 5) ; C3: (4 2 3) -> (0 5 4)
4355,5,3,B2+B3+C3,22,2q^3 + 2q^4 + 2q^5 + 1q^6 + 1q^7,B2: (10 2) -> (12 4) ; B3: (3 3 2) -> (0 5 4) ; C3: (4 2 3) -> (0 4 5)
4356,6,2,B2+C3,3,0,B2: (3 2) -> (5 5) ; C3: (5 2 3) -> (0 5 5)
4357,5,3,B2+B3+C3,22,2q^3 + 2q^4 + 2q^5 + 1q^6 + 1q^7,B2: (10 3) -> (12 5) ; B3: (3 3 3) -> (0 5 5) ; C3: (4 3 3) -> (0 5 5)
4358,5,2,B2+C3,15,0,B2: (10 0) -> (10 5) ; C3: (5 0 4) -> (0 5 4)
4359,5,3,B2+B3+C3,20,2q^4 + 2q^5 + 2q^6 + 1q^7 + 1q^8,B2: (10 0) -> (11 4) ; B3: (3 4 0) -> (0 5 4) ; C3: (5 0 4) -> (0 4 5)
4360,6,2,B2+C3,2,0,B2: (4 0) -> (5 5) ; C3: (6 0 4) -> (0 5 5)
4361,5,3,B2+B3+C3,20,1q^3 + 2q^4 + 2q^5 + 2q^6 + 1q^7 + 1q^8,B2: (10 1) -> (11 5) ; B3: (3 4 1) -> (0 5 5) ; C3: (5 1 4) -> (0 5 5)
4622,2,7,A1+A2+A3+B2+B3+C3+G2,695,1q^3,A1: (0) -> (6) ; A2: (0 10) -> (6 7) ; A3: (0 3 0) -> (0 0 6) ; B2: (0 10) -> (6 4) ; B3: (0 3 0) -> (6 0 0) ; C3: (0 6 0) -> (0 0 6) ; G2: (10 0) -> (1 6)
4623,6,3,A2+A3+B3,29,1q^6,A2: (0 0) -> (0 6) ; A3: (0 0 2) -> (6 0 0) ; B3: (0 0 4) -> (6 0 0)
4632,6,3,A2+A3+B3,25,1q^5 + 1q^6 + 1q^7,A2: (0 1) -> (2 6) ; A3: (0 1 4) -> (2 6 0) ; B3: (1 0 6) -> (6 2 0)
4637,6,3,A2+A3+B3,29,1q^5 + 1q^6,A2: (0 1) -> (6 1) ; A3: (0 1 2) -> (6 1 0) ; B3: (0 1 4) -> (6 1 0)
4649,6,3,A2+A3+B3,29,1q^4 + 1q^5 + 1q^6,A2: (0 2) -> (6 2) ; A3: (0 2 2) -> (6 2 0) ; B3: (0 2 4) -> (6 2 0)
4658,5,3,A2+A3+B3,176,1q^4 + 1q^5 + 1q^6,A2: (0 10) -> (6 10) ; A3: (0 3 2) -> (6 3 0) ; B3: (0 3 4) -> (6 3 0)
4666,6,3,A2+A3+B3,25,1q^4 + 1q^5 + 1q^6 + 1q^7,A2: (1 1) -> (3 6) ; A3: (1 1 3) -> (6 3 0) ; B3: (1 1 6) -> (6 3 0)
4675,6,3,A2+A3+B3,25,1q^4 + 1q^5 + 1q^6 + 1q^7,A2: (1 2) -> (6 4) ; A3: (1 2 3) -> (6 4 0) ; B3: (1 2 6) -> (6 4 0)
4681,5,3,A2+A3+B3,106,1q^4 + 1q^5 + 1q^6 + 1q^7,A2: (1 10) -> (6 12) ; A3: (1 3 3) -> (6 5 0) ; B3: (1 3 6) -> (6 5 0)
10152,6,3,B2+B3+C3,6,1q^3 + 1q^5 + 1q^7 + 1q^9,B2: (0 0) -> (0 6) ; B3: (3 0 0) -> (0 0 6) ; C3: (6 0 0) -> (0 6 0)
10158,6,3,B2+B3+C3,3,1q^6 + 1q^8 + 1q^10 + 1q^12,B2: (0 0) -> (6 0) ; B3: (6 0 0) -> (0 6 0) ; C3: (6 0 0) -> (0 0 6)
10165,6,2,B2+C3,3,0,B2: (0 1) -> (0 6) ; C3: (5 1 0) -> (0 6 0)
10166,6,2,B2+C3,2,0,B2: (0 1) -> (1 6) ; C3: (6 1 0) -> (0 6 1)
10171,6,2,B2+C3,3,0,B2: (0 1) -> (6 0) ; C3: (5 1 0) -> (0 0 6)
10172,6,3,B2+B3+C3,3,1q^6 + 1q^7 + 1q^8 + 1q^9 + 1q^10 + 1q^11 + 1q^12,B2: (0 1) -> (6 1) ; B3: (6 0 1) -> (0 6 1) ; C3: (6 1 0) -> (0 1 6)
10178,6,3,B2+B3+C3,9,1q^2 + 1q^4 + 1q^6,B2: (0 2) -> (0 6) ; B3: (2 0 2) -> (0 0 6) ; C3: (4 2 0) -> (0 6 0)
10179,6,3,B2+B3+C3,7,1q^3 + 1q^4 + 1q^5 + 1q^6 + 1q^7 + 1q^8,B2: (0 2) -> (1 6) ; B3: (3 0 2) -> (0 1 6) ; C3: (5 2 0) -> (0 6 1)
10180,6,3,B2+B3+C3,5,2q^4 + 1q^5 + 2q^6 + 1q^7 + 2q^8 + 1q^9 + 1q^10,B2: (0 2) -> (2 6) ; B3: (4 0 2) -> (0 2 6) ; C3: (6 2 0) -> (0 6 2)
10184,6,3,B2+B3+C3,6,1q^5 + 1q^7 + 1q^9,B2: (0 2) -> (6 0) ; B3: (5 0 2) -> (0 6 0) ; C3: (4 2 0) -> (0 0 6)
10185,6,2,B2+C3,3,0,B2: (0 2) -> (6 1) ; C3: (5 2 0) -> (0 1 6)
10186,6,3,B2+B3+C3,3,2q^6 + 1q^7 + 2q^8 + 1q^9 + 2q^10 + 1q^11 + 1q^12,B2: (0 2) -> (6 2) ; B3: (6 0 2) -> (0 6 2) ; C3: (6 2 0) -> (0 2 6)
10191,6,2,B2+C3,4,0,B2: (0 3) -> (1 6) ; C3: (4 3 0) -> (0 6 1)
10192,6,2,B2+C3,3,0,B2: (0 3) -> (2 6) ; C3: (5 3 0) -> (0 6 2)
10193,6,2,B2+C3,2,0,B2: (0 3) -> (3 6) ; C3: (6 3 0) -> (0 6 3)
10196,6,2,B2+C3,5,0,B2: (0 3) -> (6 0) ; C3: (3 3 0) -> (0 0 6)
10197,6,3,B2+B3+C3,6,1q^5 + 1q^6 + 1q^7 + 1q^8 + 1q^9,B2: (0 3) -> (6 1) ; B3: (5 0 3) -> (0 6 1) ; C3: (4 3 0) -> (0 1 6)
10198,6,2,B2+C3,3,0,B2: (0 3) -> (6 2) ; C3: (5 3 0) -> (0 2 6)
10199,6,3,B2+B3+C3,3,2q^6 + 2q^7 + 2q^8 + 2q^9 + 2q^10 + 1q^11 + 1q^12,B2: (0 3) -> (6 3) ; B3: (6 0 3) -> (0 6 3) ; C3: (6 3 0) -> (0 3 6)
10203,6,3,B2+B3+C3,8,2q^3 + 1q^4 + 2q^5 + 1q^6 + 1q^7,B2: (0 4) -> (2 6) ; B3: (3 0 4) -> (0 2 6) ; C3: (4 4 0) -> (0 6 2)
10204,6,3,B2+B3+C3,6,2q^4 + 2q^5 + 2q^6 + 2q^7 + 1q^8 + 1q^9,B2: (0 4) -> (3 6) ; B3: (4 0 4) -> (0 3 6) ; C3: (5 4 0) -> (0 6 3)
10205,6,3,B2+B3+C3,4,3q^5 + 2q^6 + 3q^7 + 2q^8 + 2q^9 + 1q^10 + 1q^11,B2: (0 4) -> (4 6) ; B3: (5 0 4) -> (0 4 6) ; C3: (6 4 0) -> (0 6 4)
10207,6,3,B2+B3+C3,9,1q^4 + 1q^6,B2: (0 4) -> (6 0) ; B3: (4 0 4) -> (0 6 0) ; C3: (2 4 0) -> (0 0 6)
10208,6,2,B2+C3,5,0,B2: (0 4) -> (6 1) ; C3: (3 4 0) -> (0 1 6)
10209,6,3,B2+B3+C3,6,2q^5 + 1q^6 + 2q^7 + 1q^8 + 1q^9,B2: (0 4) -> (6 2) ; B3: (5 0 4) -> (0 6 2) ; C3: (4 4 0) -> (0 2 6)
10210,6,2,B2+C3,3,0,B2: (0 4) -> (6 3) ; C3: (5 4 0) -> (0 3 6)
10211,6,3,B2+B3+C3,3,3q^6 + 2q^7 + 3q^8 + 2q^9 + 2q^10 + 1q^11 + 1q^12,B2: (0 4) -> (6 4) ; B3: (6 0 4) -> (0 6 4) ; C3: (6 4 0) -> (0 4 6)
10214,6,2,B2+C3,4,0,B2: (0 5) -> (3 6) ; C3: (4 5 0) -> (0 6 3)
10215,6,2,B2+C3,3,0,B2: (0 5) -> (4 6) ; C3: (5 5 0) -> (0 6 4)
10216,6,2,B2+C3,2,0,B2: (0 5) -> (5 6) ; C3: (6 5 0) -> (0 6 5)
10217,5,2,B2+C3,13,0,B2: (0 5) -> (6 0) ; C3: (1 5 0) -> (0 0 6)
10218,6,3,B2+B3+C3,9,1q^4 + 1q^5 + 1q^6,B2: (0 5) -> (6 1) ; B3: (4 0 5) -> (0 6 1) ; C3: (2 5 0) -> (0 1 6)
10219,6,2,B2+C3,5,0,B2: (0 5) -> (6 2) ; C3: (3 5 0) -> (0 2 6)
10220,6,3,B2+B3+C3,6,2q^5 + 2q^6 + 2q^7 + 1q^8 + 1q^9,B2: (0 5) -> (6 3) ; B3: (5 0 5) -> (0 6 3) ; C3: (4 5 0) -> (0 3 6)
10221,6,2,B2+C3,3,0,B2: (0 5) -> (6 4) ; C3: (5 5 0) -> (0 4 6)
10222,6,3,B2+B3+C3,3,3q^6 + 3q^7 + 3q^8 + 2q^9 + 2q^10 + 1q^11 + 1q^12,B2: (0 5) -> (6 5) ; B3: (6 0 5) -> (0 6 5) ; C3: (6 5 0) -> (0 5 6)
10224,5,2,B2+C3,11,0,B2: (0 10) -> (4 9) ; C3: (3 6 0) -> (0 5 4)
10225,6,3,B2+B3+C3,7,3q^4 + 2q^5 + 2q^6 + 1q^7 + 1q^8,B2: (0 6) -> (4 6) ; B3: (4 0 6) -> (0 4 6) ; C3: (4 6 0) -> (0 6 4)
10226,5,2,B2+C3,12,0,B2: (0 10) -> (5 7) ; C3: (2 6 0) -> (0 3 5)
10227,6,3,B2+B3+C3,8,2q^4 + 2q^5 + 1q^6 + 1q^7,B2: (0 6) -> (5 4) ; B3: (4 0 6) -> (0 5 4) ; C3: (3 6 0) -> (0 4 5)
10228,6,2,B2+C3,4,0,B2: (0 6) -> (5 5) ; C3: (4 6 0) -> (0 5 5)
10229,6,3,B2+B3+C3,5,3q^5 + 3q^6 + 2q^7 + 2q^8 + 1q^9 + 1q^10,B2: (0 6) -> (5 6) ; B3: (5 0 6) -> (0 5 6) ; C3: (5 6 0) -> (0 6 5)
10230,4,2,B2+C3,55,0,B2: (0 10) -> (6 5) ; C3: (1 6 0) -> (0 1 6)
10231,6,3,B2+B3+C3,9,2q^4 + 1q^5 + 1q^6,B2: (0 6) -> (6 2) ; B3: (4 0 6) -> (0 6 2) ; C3: (2 6 0) -> (0 2 6)
10232,6,2,B2+C3,5,0,B2: (0 6) -> (6 3) ; C3: (3 6 0) -> (0 3 6)
10233,6,3,B2+B3+C3,6,3q^5 + 2q^6 + 2q^7 + 1q^8 + 1q^9,B2: (0 6) -> (6 4) ; B3: (5 0 6) -> (0 6 4) ; C3: (4 6 0) -> (0 4 6)
10234,6,2,B2+C3,3,0,B2: (0 6) -> (6 5) ; C3: (5 6 0) -> (0 5 6)
10235,6,3,B2+B3+C3,3,4q^6 + 3q^7 + 3q^8 + 2q^9 + 2q^10 + 1q^11 + 1q^12,B2: (0 6) -> (6 6) ; B3: (6 0 6) -> (0 6 6) ; C3: (6 6 0) -> (0 6 6)
10236,6,3,B2+B3+C3,8,1q^3 + 1q^5 + 1q^7,B2: (1 0) -> (0 6) ; B3: (2 1 0) -> (0 0 6) ; C3: (5 0 1) -> (0 6 0)
10237,6,3,B2+B3+C3,6,1q^3 + 1q^4 + 1q^5 + 1q^6 + 1q^7 + 1q^8 + 1q^9,B2: (1 0) -> (1 6) ; B3: (3 1 0) -> (0 1 6) ; C3: (6 0 1) -> (0 6 1)
10242,6,3,B2+B3+C3,5,1q^6 + 1q^8 + 1q^10,B2: (1 0) -> (6 0) ; B3: (5 1 0) -> (0 6 0) ; C3: (5 0 1) -> (0 0 6)
10243,6,2,B2+C3,2,0,B2: (1 0) -> (6 1) ; C3: (6 0 1) -> (0 1 6)
10249,6,2,B2+C3,4,0,B2: (1 1) -> (0 6) ; C3: (4 1 1) -> (0 6 0)
10250,6,2,B2+C3,3,0,B2: (1 1) -> (1 6) ; C3: (5 1 1) -> (0 6 1)
10251,6,2,B2+C3,2,0,B2: (1 1) -> (2 6) ; C3: (6 1 1) -> (0 6 2)
10255,6,2,B2+C3,4,0,B2: (1 1) -> (6 0) ; C3: (4 1 1) -> (0 0 6)
10256,6,3,B2+B3+C3,5,1q^5 + 1q^6 + 1q^7 + 1q^8 + 1q^9 + 1q^10,B2: (1 1) -> (6 1) ; B3: (5 1 1) -> (0 6 1) ; C3: (5 1 1) -> (0 1 6)
10257,6,2,B2+C3,2,0,B2: (1 1) -> (6 2) ; C3: (6 1 1) -> (0 2 6)
10262,6,3,B2+B3+C3,9,1q^2 + 1q^3 + 1q^4 + 1q^5 + 1q^6,B2: (1 2) -> (1 6) ; B3: (2 1 2) -> (0 1 6) ; C3: (4 2 1) -> (0 6 1)
10263,6,3,B2+B3+C3,7,1q^3 + 2q^4 + 1q^5 + 2q^6 + 1q^7 + 1q^8,B2: (1 2) -> (2 6) ; B3: (3 1 2) -> (0 2 6) ; C3: (5 2 1) -> (0 6 2)
10264,6,3,B2+B3+C3,5,2q^4 + 2q^5 + 2q^6 + 2q^7 + 2q^8 + 1q^9 + 1q^10,B2: (1 2) -> (3 6) ; B3: (4 1 2) -> (0 3 6) ; C3: (6 2 1) -> (0 6 3)
10267,6,3,B2+B3+C3,8,1q^5 + 1q^7,B2: (1 2) -> (6 0) ; B3: (4 1 2) -> (0 6 0) ; C3: (3 2 1) -> (0 0 6)
10268,6,2,B2+C3,4,0,B2: (1 2) -> (6 1) ; C3: (4 2 1) -> (0 1 6)
10269,6,3,B2+B3+C3,5,1q^5 + 2q^6 + 1q^7 + 2q^8 + 1q^9 + 1q^10,B2: (1 2) -> (6 2) ; B3: (5 1 2) -> (0 6 2) ; C3: (5 2 1) -> (0 2 6)
10270,6,2,B2+C3,2,0,B2: (1 2) -> (6 3) ; C3: (6 2 1) -> (0 3 6)
10274,6,2,B2+C3,4,0,B2: (1 3) -> (2 6) ; C3: (4 3 1) -> (0 6 2)
10275,6,2,B2+C3,3,0,B2: (1 3) -> (3 6) ; C3: (5 3 1) -> (0 6 3)
10276,6,2,B2+C3,2,0,B2: (1 3) -> (4 6) ; C3: (6 3 1) -> (0 6 4)
10278,5,2,B2+C3,12,0,B2: (1 3) -> (6 0) ; C3: (2 3 1) -> (0 0 6)
10279,6,3,B2+B3+C3,8,1q^4 + 1q^5 + 1q^6 + 1q^7,B2: (1 3) -> (6 1) ; B3: (4 1 3) -> (0 6 1) ; C3: (3 3 1) -> (0 1 6)
10280,6,2,B2+C3,4,0,B2: (1 3) -> (6 2) ; C3: (4 3 1) -> (0 2 6)
10281,6,3,B2+B3+C3,5,2q^5 + 2q^6 + 2q^7 + 2q^8 + 1q^9 + 1q^10,B2: (1 3) -> (6 3) ; B3: (5 1 3) -> (0 6 3) ; C3: (5 3 1) -> (0 3 6)
10282,6,2,B2+C3,2,0,B2: (1 3) -> (6 4) ; C3: (6 3 1) -> (0 4 6)
10285,6,3,B2+B3+C3,8,2q^3 + 2q^4 + 2q^5 + 1q^6 + 1q^7,B2: (1 4) -> (3 6) ; B3: (3 1 4) -> (0 3 6) ; C3: (4 4 1) -> (0 6 3)
10286,6,3,B2+B3+C3,6,2q^4 + 3q^5 + 2q^6 + 2q^7 + 1q^8 + 1q^9,B2: (1 4) -> (4 6) ; B3: (4 1 4) -> (0 4 6) ; C3: (5 4 1) -> (0 6 4)
10287,6,3,B2+B3+C3,4,3q^5 + 3q^6 + 3q^7 + 2q^8 + 2q^9 + 1q^10 + 1q^11,B2: (1 4) -> (5 6) ; B3: (5 1 4) -> (0 5 6) ; C3: (6 4 1) -> (0 6 5)
10288,5,2,B2+C3,12,0,B2: (1 4) -> (6 1) ; C3: (2 4 1) -> (0 1 6)
10289,6,3,B2+B3+C3,8,1q^4 + 2q^5 + 1q^6 + 1q^7,B2: (1 4) -> (6 2) ; B3: (4 1 4) -> (0 6 2) ; C3: (3 4 1) -> (0 2 6)
10290,6,2,B2+C3,4,0,B2: (1 4) -> (6 3) ; C3: (4 4 1) -> (0 3 6)
10291,6,3,B2+B3+C3,5,2q^5 + 3q^6 + 2q^7 + 2q^8 + 1q^9 + 1q^10,B2: (1 4) -> (6 4) ; B3: (5 1 4) -> (0 6 4) ; C3: (5 4 1) -> (0 4 6)
10292,6,2,B2+C3,2,0,B2: (1 4) -> (6 5) ; C3: (6 4 1) -> (0 5 6)
10294,6,2,B2+C3,4,0,B2: (1 5) -> (4 6) ; C3: (4 5 1) -> (0 6 4)
10295,6,2,B2+C3,3,0,B2: (1 5) -> (5 6) ; C3: (5 5 1) -> (0 6 5)
10296,5,2,B2+C3,12,0,B2: (1 5) -> (6 2) ; C3: (2 5 1) -> (0 2 6)
10297,6,3,B2+B3+C3,8,2q^4 + 2q^5 + 1q^6 + 1q^7,B2: (1 5) -> (6 3) ; B3: (4 1 5) -> (0 6 3) ; C3: (3 5 1) -> (0 3 6)
10298,6,2,B2+C3,4,0,B2: (1 5) -> (6 4) ; C3: (4 5 1) -> (0 4 6)
10299,6,3,B2+B3+C3,5,3q^5 + 3q^6 + 2q^7 + 2q^8 + 1q^9 + 1q^10,B2: (1 5) -> (6 5) ; B3: (5 1 5) -> (0 6 5) ; C3: (5 5 1) -> (0 5 6)
10300,6,2,B2+C3,2,0,B2: (1 5) -> (6 6) ; C3: (6 5 1) -> (0 6 6)
10301,5,2,B2+C3,11,0,B2: (1 10) -> (5 9) ; C3: (3 6 1) -> (0 5 5)
10302,6,3,B2+B3+C3,7,3q^4 + 2q^5 + 2q^6 + 1q^7 + 1q^8,B2: (1 6) -> (5 6) ; B3: (4 1 6) -> (0 5 6) ; C3: (4 6 1) -> (0 6 5)
10303,4,2,B2+C3,54,0,B2: (1 10) -> (6 7) ; C3: (2 6 1) -> (0 3 6)
10304,6,3,B2+B3+C3,8,2q^4 + 2q^5 + 1q^6 + 1q^7,B2: (1 6) -> (6 4) ; B3: (4 1 6) -> (0 6 4) ; C3: (3 6 1) -> (0 4 6)
10305,6,2,B2+C3,4,0,B2: (1 6) -> (6 5) ; C3: (4 6 1) -> (0 5 6)
10306,6,3,B2+B3+C3,5,3q^5 + 3q^6 + 2q^7 + 2q^8 + 1q^9 + 1q^10,B2: (1 6) -> (6 6) ; B3: (5 1 6) -> (0 6 6) ; C3: (5 6 1) -> (0 6 6)
10307,6,3,B2+B3+C3,10,1q^3 + 1q^5,B2: (2 0) -> (0 6) ; B3: (1 2 0) -> (0 0 6) ; C3: (4 0 2) -> (0 6 0)
10308,6,3,B2+B3+C3,8,1q^3 + 1q^4 + 1q^5 + 1q^6 + 1q^7,B2: (2 0) -> (1 6) ; B3: (2 2 0) -> (0 1 6) ; C3: (5 0 2) -> (0 6 1)
10309,6,3,B2+B3+C3,6,1q^3 + 1q^4 + 2q^5 + 1q^6 + 2q^7 + 1q^8 + 1q^9,B2: (2 0) -> (2 6) ; B3: (3 2 0) -> (0 2 6) ; C3: (6 0 2) -> (0 6 2)
10313,6,3,B2+B3+C3,7,1q^4 + 1q^6 + 1q^8,B2: (2 0) -> (6 0) ; B3: (4 2 0) -> (0 6 0) ; C3: (4 0 2) -> (0 0 6)
10314,6,2,B2+C3,3,0,B2: (2 0) -> (6 1) ; C3: (5 0 2) -> (0 1 6)
10315,6,3,B2+B3+C3,4,1q^5 + 1q^6 + 2q^7 + 1q^8 + 2q^9 + 1q^10 + 1q^11,B2: (2 0) -> (6 2) ; B3: (5 2 0) -> (0 6 2) ; C3: (6 0 2) -> (0 2 6)
10320,6,2,B2+C3,4,0,B2: (2 1) -> (1 6) ; C3: (4 1 2) -> (0 6 1)
10321,6,2,B2+C3,3,0,B2: (2 1) -> (2 6) ; C3: (5 1 2) -> (0 6 2)
10322,6,2,B2+C3,2,0,B2: (2 1) -> (3 6) ; C3: (6 1 2) -> (0 6 3)
10325,5,2,B2+C3,11,0,B2: (2 1) -> (6 0) ; C3: (3 1 2) -> (0 0 6)
10326,6,3,B2+B3+C3,7,1q^4 + 1q^5 + 1q^6 + 1q^7 + 1q^8,B2: (2 1) -> (6 1) ; B3: (4 2 1) -> (0 6 1) ; C3: (4 1 2) -> (0 1 6)
10327,6,2,B2+C3,3,0,B2: (2 1) -> (6 2) ; C3: (5 1 2) -> (0 2 6)
10328,6,3,B2+B3+C3,4,1q^5 + 2q^6 + 2q^7 + 2q^8 + 2q^9 + 1q^10 + 1q^11,B2: (2 1) -> (6 3) ; B3: (5 2 1) -> (0 6 3) ; C3: (6 1 2) -> (0 3 6)
10332,6,3,B2+B3+C3,9,1q^2 + 1q^3 + 2q^4 + 1q^5 + 1q^6,B2: (2 2) -> (2 6) ; B3: (2 2 2) -> (0 2 6) ; C3: (4 2 2) -> (0 6 2)
10333,6,3,B2+B3+C3,7,1q^3 + 2q^4 + 2q^5 + 2q^6 + 1q^7 + 1q^8,B2: (2 2) -> (3 6) ; B3: (3 2 2) -> (0 3 6) ; C3: (5 2 2) -> (0 6 3)
10334,6,3,B2+B3+C3,5,2q^4 + 2q^5 + 3q^6 + 2q^7 + 2q^8 + 1q^9 + 1q^10,B2: (2 2) -> (4 6) ; B3: (4 2 2) -> (0 4 6) ; C3: (6 2 2) -> (0 6 4)
10336,5,2,B2+C3,11,0,B2: (2 2) -> (6 1) ; C3: (3 2 2) -> (0 1 6)
10337,6,3,B2+B3+C3,7,2q^4 + 1q^5 + 2q^6 + 1q^7 + 1q^8,B2: (2 2) -> (6 2) ; B3: (4 2 2) -> (0 6 2) ; C3: (4 2 2) -> (0 2 6)
10338,6,2,B2+C3,3,0,B2: (2 2) -> (6 3) ; C3: (5 2 2) -> (0 3 6)
10339,6,3,B2+B3+C3,4,2q^5 + 2q^6 + 3q^7 + 2q^8 + 2q^9 + 1q^10 + 1q^11,B2: (2 2) -> (6 4) ; B3: (5 2 2) -> (0 6 4) ; C3: (6 2 2) -> (0 4 6)
10342,6,2,B2+C3,4,0,B2: (2 3) -> (3 6) ; C3: (4 3 2) -> (0 6 3)
10343,6,2,B2+C3,3,0,B2: (2 3) -> (4 6) ; C3: (5 3 2) -> (0 6 4)
10344,6,2,B2+C3,2,0,B2: (2 3) -> (5 6) ; C3: (6 3 2) -> (0 6 5)
10345,5,2,B2+C3,11,0,B2: (2 3) -> (6 2) ; C3: (3 3 2) -> (0 2 6)
10346,6,3,B2+B3+C3,7,2q^4 + 2q^5 + 2q^6 + 1q^7 + 1q^8,B2: (2 3) -> (6 3) ; B3: (4 2 3) -> (0 6 3) ; C3: (4 3 2) -> (0 3 6)
10347,6,2,B2+C3,3,0,B2: (2 3) -> (6 4) ; C3: (5 3 2) -> (0 4 6)
10348,6,3,B2+B3+C3,4,2q^5 + 3q^6 + 3q^7 + 2q^8 + 2q^9 + 1q^10 + 1q^11,B2: (2 3) -> (6 5) ; B3: (5 2 3) -> (0 6 5) ; C3: (6 3 2) -> (0 5 6)
10350,6,3,B2+B3+C3,8,2q^3 + 2q^4 + 2q^5 + 1q^6 + 1q^7,B2: (2 4) -> (4 6) ; B3: (3 2 4) -> (0 4 6) ; C3: (4 4 2) -> (0 6 4)
10351,6,3,B2+B3+C3,6,2q^4 + 3q^5 + 2q^6 + 2q^7 + 1q^8 + 1q^9,B2: (2 4) -> (5 6) ; B3: (4 2 4) -> (0 5 6) ; C3: (5 4 2) -> (0 6 5)
10352,5,2,B2+C3,11,0,B2: (2 4) -> (6 3) ; C3: (3 4 2) -> (0 3 6)
10353,6,3,B2+B3+C3,7,3q^4 + 2q^5 + 2q^6 + 1q^7 + 1q^8,B2: (2 4) -> (6 4) ; B3: (4 2 4) -> (0 6 4) ; C3: (4 4 2) -> (0 4 6)
10354,6,2,B2+C3,3,0,B2: (2 4) -> (6 5) ; C3: (5 4 2) -> (0 5 6)
10355,6,3,B2+B3+C3,4,3q^5 + 3q^6 + 3q^7 + 2q^8 + 2q^9 + 1q^10 + 1q^11,B2: (2 4) -> (6 6) ; B3: (5 2 4) -> (0 6 6) ; C3: (6 4 2) -> (0 6 6)
10356,6,2,B2+C3,4,0,B2: (2 5) -> (5 6) ; C3: (4 5 2) -> (0 6 5)
10357,5,2,B2+C3,11,0,B2: (2 5) -> (6 4) ; C3: (3 5 2) -> (0 4 6)
10358,6,3,B2+B3+C3,7,3q^4 + 2q^5 + 2q^6 + 1q^7 + 1q^8,B2: (2 5) -> (6 5) ; B3: (4 2 5) -> (0 6 5) ; C3: (4 5 2) -> (0 5 6)
10359,6,2,B2+C3,3,0,B2: (2 5) -> (6 6) ; C3: (5 5 2) -> (0 6 6)
10360,4,2,B2+C3,53,0,B2: (2 10) -> (6 9) ; C3: (3 6 2) -> (0 5 6)
10361,6,3,B2+B3+C3,7,3q^4 + 2q^5 + 2q^6 + 1q^7 + 1q^8,B2: (2 6) -> (6 6) ; B3: (4 2 6) -> (0 6 6) ; C3: (4 6 2) -> (0 6 6)
10362,2,3,B2+B3+C3,142,1q^3,B2: (10 0) -> (7 6) ; B3: (0 3 0) -> (0 0 6) ; C3: (0 3 0) -> (6 0 0)
10363,5,3,B2+B3+C3,46,1q^3 + 1q^4 + 1q^5,B2: (10 0) -> (8 6) ; B3: (1 3 0) -> (0 1 6) ; C3: (4 0 3) -> (0 6 1)
10364,6,3,B2+B3+C3,8,1q^3 + 1q^4 + 2q^5 + 1q^6 + 1q^7,B2: (3 0) -> (2 6) ; B3: (2 3 0) -> (0 2 6) ; C3: (5 0 3) -> (0 6 2)
10365,6,3,B2+B3+C3,6,1q^3 + 1q^4 + 2q^5 + 2q^6 + 2q^7 + 1q^8 + 1q^9,B2: (3 0) -> (3 6) ; B3: (3 3 0) -> (0 3 6) ; C3: (6 0 3) -> (0 6 3)
10368,5,2,B2+C3,10,0,B2: (3 0) -> (6 1) ; C3: (4 0 3) -> (0 1 6)
10369,6,3,B2+B3+C3,6,2q^5 + 1q^6 + 2q^7 + 1q^8 + 1q^9,B2: (3 0) -> (6 2) ; B3: (4 3 0) -> (0 6 2) ; C3: (5 0 3) -> (0 2 6)
10370,6,2,B2+C3,2,0,B2: (3 0) -> (6 3) ; C3: (6 0 3) -> (0 3 6)
10374,5,2,B2+C3,22,0,B2: (10 1) -> (9 6) ; C3: (4 1 3) -> (0 6 2)
10375,6,2,B2+C3,3,0,B2: (3 1) -> (3 6) ; C3: (5 1 3) -> (0 6 3)
10376,6,2,B2+C3,2,0,B2: (3 1) -> (4 6) ; C3: (6 1 3) -> (0 6 4)
10378,5,2,B2+C3,10,0,B2: (3 1) -> (6 2) ; C3: (4 1 3) -> (0 2 6)
10379,6,3,B2+B3+C3,6,1q^4 + 2q^5 + 2q^6 + 2q^7 + 1q^8 + 1q^9,B2: (3 1) -> (6 3) ; B3: (4 3 1) -> (0 6 3) ; C3: (5 1 3) -> (0 3 6)
10380,6,2,B2+C3,2,0,B2: (3 1) -> (6 4) ; C3: (6 1 3) -> (0 4 6)
10383,5,3,B2+B3+C3,42,1q^2 + 1q^3 + 2q^4 + 1q^5 + 1q^6,B2: (10 2) -> (10 6) ; B3: (2 3 2) -> (0 3 6) ; C3: (4 2 3) -> (0 6 3)
10384,6,3,B2+B3+C3,7,1q^3 + 2q^4 + 2q^5 + 2q^6 + 1q^7 + 1q^8,B2: (3 2) -> (4 6) ; B3: (3 3 2) -> (0 4 6) ; C3: (5 2 3) -> (0 6 4)
10385,6,3,B2+B3+C3,5,2q^4 + 2q^5 + 3q^6 + 2q^7 + 2q^8 + 1q^9 + 1q^10,B2: (3 2) -> (5 6) ; B3: (4 3 2) -> (0 5 6) ; C3: (6 2 3) -> (0 6 5)
10386,5,2,B2+C3,10,0,B2: (3 2) -> (6 3) ; C3: (4 2 3) -> (0 3 6)
10387,6,3,B2+B3+C3,6,1q^4 + 3q^5 + 2q^6 + 2q^7 + 1q^8 + 1q^9,B2: (3 2) -> (6 4) ; B3: (4 3 2) -> (0 6 4) ; C3: (5 2 3) -> (0 4 6)
10388,6,2,B2+C3,2,0,B2: (3 2) -> (6 5) ; C3: (6 2 3) -> (0 5 6)
10390,5,2,B2+C3,18,0,B2: (10 3) -> (11 6) ; C3: (4 3 3) -> (0 6 4)
10391,6,2,B2+C3,3,0,B2: (3 3) -> (5 6) ; C3: (5 3 3) -> (0 6 5)
10392,5,2,B2+C3,10,0,B2: (3 3) -> (6 4) ; C3: (4 3 3) -> (0 4 6)
10393,6,3,B2+B3+C3,6,2q^4 + 3q^5 + 2q^6 + 2q^7 + 1q^8 + 1q^9,B2: (3 3) -> (6 5) ; B3: (4 3 3) -> (0 6 5) ; C3: (5 3 3) -> (0 5 6)
10394,6,2,B2+C3,2,0,B2: (3 3) -> (6 6) ; C3: (6 3 3) -> (0 6 6)
10395,5,3,B2+B3+C3,22,2q^3 + 2q^4 + 2q^5 + 1q^6 + 1q^7,B2: (10 4) -> (12 6) ; B3: (3 3 4) -> (0 5 6) ; C3: (4 4 3) -> (0 6 5)
10396,5,2,B2+C3,10,0,B2: (3 4) -> (6 5) ; C3: (4 4 3) -> (0 5 6)
10397,6,3,B2+B3+C3,6,2q^4 + 3q^5 + 2q^6 + 2q^7 + 1q^8 + 1q^9,B2: (3 4) -> (6 6) ; B3: (4 3 4) -> (0 6 6) ; C3: (5 4 3) -> (0 6 6)
10398,5,2,B2+C3,10,0,B2: (3 5) -> (6 6) ; C3: (4 5 3) -> (0 6 6)
10399,5,3,B2+B3+C3,30,1q^3 + 1q^4 + 2q^5 + 1q^6 + 1q^7,B2: (10 0) -> (9 6) ; B3: (2 4 0) -> (0 3 6) ; C3: (5 0 4) -> (0 6 3)
10400,6,3,B2+B3+C3,6,1q^3 + 1q^4 + 2q^5 + 2q^6 + 2q^7 + 1q^8 + 1q^9,B2: (4 0) -> (4 6) ; B3: (3 4 0) -> (0 4 6) ; C3: (6 0 4) -> (0 6 4)
10402,5,2,B2+C3,9,0,B2: (10 0) -> (12 3) ; C3: (5 0 4) -> (0 3 6)
10403,6,3,B2+B3+C3,5,1q^4 + 1q^5 + 3q^6 + 2q^7 + 2q^8 + 1q^9 + 1q^10,B2: (4 0) -> (6 4) ; B3: (4 4 0) -> (0 6 4) ; C3: (6 0 4) -> (0 4 6)
10406,5,2,B2+C3,15,0,B2: (10 1) -> (10 6) ; C3: (5 1 4) -> (0 6 4)
10407,6,2,B2+C3,2,0,B2: (4 1) -> (5 6) ; C3: (6 1 4) -> (0 6 5)
10408,5,2,B2+C3,9,0,B2: (10 1) -> (12 4) ; C3: (5 1 4) -> (0 4 6)
10409,6,3,B2+B3+C3,5,1q^4 + 2q^5 + 3q^6 + 2q^7 + 2q^8 + 1q^9 + 1q^10,B2: (4 1) -> (6 5) ; B3: (4 4 1) -> (0 6 5) ; C3: (6 1 4) -> (0 5 6)
10411,5,3,B2+B3+C3,20,1q^3 + 2q^4 + 2q^5 + 2q^6 + 1q^7 + 1q^8,B2: (10 2) -> (11 6) ; B3: (3 4 2) -> (0 5 6) ; C3: (5 2 4) -> (0 6 5)
10412,5,2,B2+C3,9,0,B2: (10 2) -> (12 5) ; C3: (5 2 4) -> (0 5 6)
10413,6,3,B2+B3+C3,5,2q^4 + 2q^5 + 3q^6 + 2q^7 + 2q^8 + 1q^9 + 1q^10,B2: (4 2) -> (6 6) ; B3: (4 4 2) -> (0 6 6) ; C3: (6 2 4) -> (0 6 6)
10414,5,2,B2+C3,9,0,B2: (10 3) -> (12 6) ; C3: (5 3 4) -> (0 6 6)
10415,5,3,B2+B3+C3,18,1q^3 + 1q^4 + 2q^5 + 2q^6 + 2q^7 + 1q^8 + 1q^9,B2: (10 0) -> (10 6) ; B3: (3 5 0) -> (0 5 6) ; C3: (6 0 5) -> (0 6 5)
10416,5,2,B2+C3,8,0,B2: (10 0) -> (11 5) ; C3: (6 0 5) -> (0 5 6)
10418,5,2,B2+C3,8,0,B2: (10 1) -> (11 6) ; C3: (6 1 5) -> (0 6 6)
10832,2,2,A1+B2,42,0,A1: (0) -> (7) ; B2: (0 10) -> (7 3)
22963,12,3,B3+B4+F4,5,1q^2 + 1q^4 + 1q^6,B3: (0 0 0) -> (0 0 2) ; B4: (1 0 0 0) -> (0 0 0 2) ; F4: (0 0 0 3) -> (0 0 2 0)
22965,13,3,B3+B4+F4,6,1q + 1q^3 + 1q^5,B3: (0 0 0) -> (0 1 0) ; B4: (1 0 0 0) -> (0 0 1 0) ; F4: (0 0 0 2) -> (0 1 0 0)
22977,10,3,B3+B4+F4,24,1q^3,B3: (0 0 0) -> (1 0 0) ; B4: (1 0 0 0) -> (0 1 0 0) ; F4: (0 0 0 1) -> (1 0 0 0)
22981,12,3,B3+B4+F4,4,1q^4 + 1q^5 + 1q^6 + 1q^7 + 1q^8,B3: (0 0 0) -> (1 1 0) ; B4: (2 0 0 0) -> (0 1 1 0) ; F4: (0 0 0 3) -> (1 1 0 0)
22993,13,3,B3+B4+F4,5,1q^2 + 1q^4 + 1q^6,B3: (0 0 0) -> (2 0 0) ; B4: (2 0 0 0) -> (0 2 0 0) ; F4: (0 0 0 2) -> (2 0 0 0)
23009,13,3,B3+B4+F4,3,1q^5 + 1q^7 + 1q^9,B3: (0 0 0) -> (3 0 0) ; B4: (3 0 0 0) -> (0 3 0 0) ; F4: (0 0 0 3) -> (3 0 0 0)
23026,11,3,B3+B4+F4,5,1q^2 + 1q^3 + 1q^4 + 1q^6,B3: (0 0 1) -> (0 0 3) ; B4: (1 0 0 1) -> (0 0 0 3) ; F4: (0 0 1 3) -> (0 0 3 0)
23028,12,3,B3+B4+F4,6,1q + 1q^2 + 1q^3 + 1q^4 + 1q^5,B3: (0 0 1) -> (0 1 1) ; B4: (1 0 0 1) -> (0 0 1 1) ; F4: (0 0 1 2) -> (0 1 1 0)
23039,8,3,B3+B4+F4,90,1q + 1q^2 + 1q^3,B3: (0 0 1) -> (1 0 1) ; B4: (1 0 0 1) -> (0 1 0 1) ; F4: (0 0 1 1) -> (1 0 1 0)
23043,12,3,B3+B4+F4,4,1q^2 + 2q^3 + 3q^4 + 3q^5 + 2q^6 + 2q^7 + 1q^8,B3: (0 0 1) -> (1 1 1) ; B4: (2 0 0 1) -> (0 1 1 1) ; F4: (0 0 1 3) -> (1 1 1 0)
23055,13,3,B3+B4+F4,5,1q^2 + 1q^3 + 2q^4 + 1q^5 + 1q^6,B3: (0 0 1) -> (2 0 1) ; B4: (2 0 0 1) -> (0 2 0 1) ; F4: (0 0 1 2) -> (2 0 1 0)
23071,11,3,B3+B4+F4,3,1q^3 + 1q^4 + 2q^5 + 2q^6 + 2q^7 + 1q^8 + 1q^9,B3: (0 0 1) -> (3 0 1) ; B4: (3 0 0 1) -> (0 3 0 1) ; F4: (0 0 1 3) -> (3 0 1 0)
23086,13,3,B3+B4+F4,6,1q + 1q^2 + 2q^3 + 1q^4 + 1q^5,B3: (0 0 2) -> (0 1 2) ; B4: (1 0 0 2) -> (0 0 1 2) ; F4: (0 0 2 2) -> (0 1 2 0)
23088,12,3,B3+B4+F4,7,1q^2 + 1q^4,B3: (0 0 2) -> (0 2 0) ; B4: (1 0 0 2) -> (0 0 2 0) ; F4: (0 0 2 1) -> (0 2 0 0)
23092,13,3,B3+B4+F4,4,1q^3 + 2q^5 + 1q^6 + 2q^7 + 1q^9,B3: (0 0 2) -> (0 3 0) ; B4: (2 0 0 2) -> (0 0 3 0) ; F4: (0 0 2 3) -> (0 3 0 0)
23098,13,3,B3+B4+F4,4,1q^2 + 3q^3 + 4q^4 + 4q^5 + 3q^6 + 2q^7 + 1q^8,B3: (0 0 2) -> (1 1 2) ; B4: (2 0 0 2) -> (0 1 1 2) ; F4: (0 0 2 3) -> (1 1 2 0)
23100,14,3,B3+B4+F4,5,1q^2 + 2q^3 + 2q^4 + 2q^5 + 1q^6 + 1q^7,B3: (0 0 2) -> (1 2 0) ; B4: (2 0 0 2) -> (0 1 2 0) ; F4: (0 0 2 2) -> (1 2 0 0)
23108,14,3,B3+B4+F4,5,2q^2 + 2q^3 + 3q^4 + 1q^5 + 1q^6,B3: (0 0 2) -> (2 0 2) ; B4: (2 0 0 2) -> (0 2 0 2) ; F4: (0 0 2 2) -> (2 0 2 0)
23110,13,3,B3+B4+F4,6,1q^3 + 1q^4 + 1q^5,B3: (0 0 2) -> (2 1 0) ; B4: (2 0 0 2) -> (0 2 1 0) ; F4: (0 0 2 1) -> (2 1 0 0)
23114,13,3,B3+B4+F4,3,2q^4 + 2q^5 + 4q^6 + 2q^7 + 3q^8 + 1q^9 + 1q^10,B3: (0 0 2) -> (2 2 0) ; B4: (3 0 0 2) -> (0 2 2 0) ; F4: (0 0 2 3) -> (2 2 0 0)
23123,13,3,B3+B4+F4,3,1q^3 + 2q^4 + 4q^5 + 3q^6 + 3q^7 + 1q^8 + 1q^9,B3: (0 0 2) -> (3 0 2) ; B4: (3 0 0 2) -> (0 3 0 2) ; F4: (0 0 2 3) -> (3 0 2 0)
23125,14,3,B3+B4+F4,4,1q^3 + 2q^4 + 2q^5 + 2q^6 + 1q^7 + 1q^8,B3: (0 0 2) -> (3 1 0) ; B4: (3 0 0 2) -> (0 3 1 0) ; F4: (0 0 2 2) -> (3 1 0 0)
23137,11,3,B3+B4+F4,9,1q + 1q^2 + 2q^3 + 1q^4 + 1q^5,B3: (0 0 3) -> (0 1 3) ; B4: (1 0 0 3) -> (0 0 1 3) ; F4: (0 0 3 2) -> (0 1 3 0)
23138,10,3,B3+B4+F4,10,1q^2 + 1q^3 + 1q^4,B3: (0 0 3) -> (0 2 1) ; B4: (1 0 0 3) -> (0 0 2 1) ; F4: (0 0 3 1) -> (0 2 1 0)
23142,13,3,B3+B4+F4,4,1q^3 + 2q^4 + 3q^5 + 3q^6 + 2q^7 + 1q^8 + 1q^9,B3: (0 0 3) -> (0 3 1) ; B4: (2 0 0 3) -> (0 0 3 1) ; F4: (0 0 3 3) -> (0 3 1 0)
23146,13,3,B3+B4+F4,4,1q^2 + 3q^3 + 5q^4 + 5q^5 + 3q^6 + 2q^7 + 1q^8,B3: (0 0 3) -> (1 1 3) ; B4: (2 0 0 3) -> (0 1 1 3) ; F4: (0 0 3 3) -> (1 1 3 0)
23148,14,3,B3+B4+F4,5,1q^2 + 3q^3 + 3q^4 + 3q^5 + 2q^6 + 1q^7,B3: (0 0 3) -> (1 2 1) ; B4: (2 0 0 3) -> (0 1 2 1) ; F4: (0 0 3 2) -> (1 2 1 0)
23155,12,3,B3+B4+F4,8,2q^2 + 2q^3 + 3q^4 + 1q^5 + 1q^6,B3: (0 0 3) -> (2 0 3) ; B4: (2 0 0 3) -> (0 2 0 3) ; F4: (0 0 3 2) -> (2 0 3 0)
23156,11,3,B3+B4+F4,9,1q^2 + 2q^3 + 2q^4 + 1q^5,B3: (0 0 3) -> (2 1 1) ; B4: (2 0 0 3) -> (0 2 1 1) ; F4: (0 0 3 1) -> (2 1 1 0)
23160,13,3,B3+B4+F4,3,1q^3 + 4q^4 + 6q^5 + 7q^6 + 5q^7 + 4q^8 + 2q^9 + 1q^10,B3: (0 0 3) -> (2 2 1) ; B4: (3 0 0 3) -> (0 2 2 1) ; F4: (0 0 3 3) -> (2 2 1 0)
23168,13,3,B3+B4+F4,3,2q^3 + 3q^4 + 5q^5 + 4q^6 + 3q^7 + 1q^8 + 1q^9,B3: (0 0 3) -> (3 0 3) ; B4: (3 0 0 3) -> (0 3 0 3) ; F4: (0 0 3 3) -> (3 0 3 0)
23170,14,3,B3+B4+F4,4,1q^3 + 3q^4 + 4q^5 + 3q^6 + 2q^7 + 1q^8,B3: (0 0 3) -> (3 1 1) ; B4: (3 0 0 3) -> (0 3 1 1) ; F4: (0 0 3 2) -> (3 1 1 0)
23183,14,3,B3+B4+F4,5,2q^2 + 1q^3 + 2q^4 + 1q^5 + 1q^6,B3: (0 1 0) -> (0 1 2) ; B4: (1 0 1 0) -> (0 0 1 2) ; F4: (0 1 0 3) -> (0 1 2 0)
23185,13,3,B3+B4+F4,6,1q + 2q^3 + 1q^5,B3: (0 1 0) -> (0 2 0) ; B4: (1 0 1 0) -> (0 0 2 0) ; F4: (0 1 0 2) -> (0 2 0 0)
23194,11,3,B3+B4+F4,21,1q + 2q^2 + 1q^3 + 1q^4,B3: (0 1 0) -> (1 0 2) ; B4: (1 0 1 0) -> (0 1 0 2) ; F4: (0 1 0 2) -> (1 0 2 0)
23196,10,3,B3+B4+F4,90,1q^2 + 1q^3,B3: (0 1 0) -> (1 1 0) ; B4: (1 0 1 0) -> (0 1 1 0) ; F4: (0 1 0 1) -> (1 1 0 0)
23200,13,3,B3+B4+F4,4,1q^3 + 2q^4 + 2q^5 + 2q^6 + 1q^7 + 1q^8,B3: (0 1 0) -> (1 2 0) ; B4: (2 0 1 0) -> (0 1 2 0) ; F4: (0 1 0 3) -> (1 2 0 0)
23209,13,3,B3+B4+F4,4,3q^3 + 2q^4 + 3q^5 + 1q^6 + 1q^7,B3: (0 1 0) -> (2 0 2) ; B4: (2 0 1 0) -> (0 2 0 2) ; F4: (0 1 0 3) -> (2 0 2 0)
23211,12,3,B3+B4+F4,5,2q^2 + 1q^3 + 2q^4 + 1q^5 + 1q^6,B3: (0 1 0) -> (2 1 0) ; B4: (2 0 1 0) -> (0 2 1 0) ; F4: (0 1 0 2) -> (2 1 0 0)
23223,11,3,B3+B4+F4,9,1q^4,B3: (0 1 0) -> (3 0 0) ; B4: (2 0 1 0) -> (0 3 0 0) ; F4: (0 1 0 1) -> (3 0 0 0)
23227,13,3,B3+B4+F4,3,1q^4 + 2q^5 + 2q^6 + 2q^7 + 1q^8 + 1q^9,B3: (0 1 0) -> (3 1 0) ; B4: (3 0 1 0) -> (0 3 1 0) ; F4: (0 1 0 3) -> (3 1 0 0)
23240,13,3,B3+B4+F4,5,2q^2 + 2q^3 + 2q^4 + 1q^5 + 1q^6,B3: (0 1 1) -> (0 1 3) ; B4: (1 0 1 1) -> (0 0 1 3) ; F4: (0 1 1 3) -> (0 1 3 0)
23241,12,3,B3+B4+F4,6,1q + 1q^2 + 2q^3 + 1q^4 + 1q^5,B3: (0 1 1) -> (0 2 1) ; B4: (1 0 1 1) -> (0 0 2 1) ; F4: (0 1 1 2) -> (0 2 1 0)
23248,9,3,B3+B4+F4,39,1q + 2q^2 + 1q^3 + 1q^4,B3: (0 1 1) -> (1 0 3) ; B4: (1 0 1 1) -> (0 1 0 3) ; F4: (0 1 1 2) -> (1 0 3 0)
23249,8,3,B3+B4+F4,378,1q + 2q^2 + 1q^3,B3: (0 1 1) -> (1 1 1) ; B4: (1 0 1 1) -> (0 1 1 1) ; F4: (0 1 1 1) -> (1 1 1 0)
23253,12,3,B3+B4+F4,4,1q^2 + 3q^3 + 5q^4 + 4q^5 + 3q^6 + 2q^7 + 1q^8,B3: (0 1 1) -> (1 2 1) ; B4: (2 0 1 1) -> (0 1 2 1) ; F4: (0 1 1 3) -> (1 2 1 0)
23261,12,3,B3+B4+F4,4,1q^2 + 4q^3 + 3q^4 + 3q^5 + 1q^6 + 1q^7,B3: (0 1 1) -> (2 0 3) ; B4: (2 0 1 1) -> (0 2 0 3) ; F4: (0 1 1 3) -> (2 0 3 0)
23263,11,3,B3+B4+F4,5,2q^2 + 3q^3 + 3q^4 + 2q^5 + 1q^6,B3: (0 1 1) -> (2 1 1) ; B4: (2 0 1 1) -> (0 2 1 1) ; F4: (0 1 1 2) -> (2 1 1 0)
23274,9,3,B3+B4+F4,39,1q^2 + 1q^3 + 1q^4,B3: (0 1 1) -> (3 0 1) ; B4: (2 0 1 1) -> (0 3 0 1) ; F4: (0 1 1 1) -> (3 0 1 0)
23278,13,3,B3+B4+F4,3,2q^3 + 4q^4 + 5q^5 + 5q^6 + 3q^7 + 2q^8 + 1q^9,B3: (0 1 1) -> (3 1 1) ; B4: (3 0 1 1) -> (0 3 1 1) ; F4: (0 1 1 3) -> (3 1 1 0)
23289,13,3,B3+B4+F4,6,1q + 1q^2 + 3q^3 + 1q^4 + 1q^5,B3: (0 1 2) -> (0 2 2) ; B4: (1 0 1 2) -> (0 0 2 2) ; F4: (0 1 2 2) -> (0 2 2 0)
23291,12,3,B3+B4+F4,10,1q^2 + 1q^4,B3: (0 1 2) -> (0 3 0) ; B4: (1 0 1 2) -> (0 0 3 0) ; F4: (0 1 2 1) -> (0 3 0 0)
23297,13,3,B3+B4+F4,4,1q^2 + 4q^3 + 6q^4 + 5q^5 + 4q^6 + 2q^7 + 1q^8,B3: (0 1 2) -> (1 2 2) ; B4: (2 0 1 2) -> (0 1 2 2) ; F4: (0 1 2 3) -> (1 2 2 0)
23299,12,3,B3+B4+F4,5,1q^2 + 2q^3 + 3q^4 + 2q^5 + 1q^6 + 1q^7,B3: (0 1 2) -> (1 3 0) ; B4: (2 0 1 2) -> (0 1 3 0) ; F4: (0 1 2 2) -> (1 3 0 0)
23303,12,3,B3+B4+F4,5,3q^2 + 4q^3 + 4q^4 + 2q^5 + 1q^6,B3: (0 1 2) -> (2 1 2) ; B4: (2 0 1 2) -> (0 2 1 2) ; F4: (0 1 2 2) -> (2 1 2 0)
23305,13,3,B3+B4+F4,6,2q^3 + 1q^4 + 1q^5,B3: (0 1 2) -> (2 2 0) ; B4: (2 0 1 2) -> (0 2 2 0) ; F4: (0 1 2 1) -> (2 2 0 0)
23309,14,3,B3+B4+F4,3,3q^4 + 3q^5 + 5q^6 + 3q^7 + 3q^8 + 1q^9 + 1q^10,B3: (0 1 2) -> (2 3 0) ; B4: (3 0 1 2) -> (0 2 3 0) ; F4: (0 1 2 3) -> (2 3 0 0)
23315,14,3,B3+B4+F4,3,2q^3 + 6q^4 + 7q^5 + 6q^6 + 4q^7 + 2q^8 + 1q^9,B3: (0 1 2) -> (3 1 2) ; B4: (3 0 1 2) -> (0 3 1 2) ; F4: (0 1 2 3) -> (3 1 2 0)
23317,13,3,B3+B4+F4,4,2q^3 + 3q^4 + 3q^5 + 3q^6 + 1q^7 + 1q^8,B3: (0 1 2) -> (3 2 0) ; B4: (3 0 1 2) -> (0 3 2 0) ; F4: (0 1 2 2) -> (3 2 0 0)
23325,11,3,B3+B4+F4,9,1q + 1q^2 + 3q^3 + 1q^4 + 1q^5,B3: (0 1 3) -> (0 2 3) ; B4: (1 0 1 3) -> (0 0 2 3) ; F4: (0 1 3 2) -> (0 2 3 0)
23326,10,3,B3+B4+F4,22,1q^2 + 1q^3 + 1q^4,B3: (0 1 3) -> (0 3 1) ; B4: (1 0 1 3) -> (0 0 3 1) ; F4: (0 1 3 1) -> (0 3 1 0)
23330,13,3,B3+B4+F4,4,1q^2 + 4q^3 + 7q^4 + 6q^5 + 4q^6 + 2q^7 + 1q^8,B3: (0 1 3) -> (1 2 3) ; B4: (2 0 1 3) -> (0 1 2 3) ; F4: (0 1 3 3) -> (1 2 3 0)
23332,12,3,B3+B4+F4,5,1q^2 + 3q^3 + 4q^4 + 3q^5 + 2q^6 + 1q^7,B3: (0 1 3) -> (1 3 1) ; B4: (2 0 1 3) -> (0 1 3 1) ; F4: (0 1 3 2) -> (1 3 1 0)
23335,10,3,B3+B4+F4,8,3q^2 + 4q^3 + 4q^4 + 2q^5 + 1q^6,B3: (0 1 3) -> (2 1 3) ; B4: (2 0 1 3) -> (0 2 1 3) ; F4: (0 1 3 2) -> (2 1 3 0)
23336,11,3,B3+B4+F4,9,1q^2 + 3q^3 + 2q^4 + 1q^5,B3: (0 1 3) -> (2 2 1) ; B4: (2 0 1 3) -> (0 2 2 1) ; F4: (0 1 3 1) -> (2 2 1 0)
23340,14,3,B3+B4+F4,3,1q^3 + 5q^4 + 8q^5 + 8q^6 + 6q^7 + 4q^8 + 2q^9 + 1q^10,B3: (0 1 3) -> (2 3 1) ; B4: (3 0 1 3) -> (0 2 3 1) ; F4: (0 1 3 3) -> (2 3 1 0)
23344,14,3,B3+B4+F4,3,3q^3 + 7q^4 + 8q^5 + 7q^6 + 4q^7 + 2q^8 + 1q^9,B3: (0 1 3) -> (3 1 3) ; B4: (3 0 1 3) -> (0 3 1 3) ; F4: (0 1 3 3) -> (3 1 3 0)
23346,13,3,B3+B4+F4,4,2q^3 + 5q^4 + 5q^5 + 4q^6 + 2q^7 + 1q^8,B3: (0 1 3) -> (3 2 1) ; B4: (3 0 1 3) -> (0 3 2 1) ; F4: (0 1 3 2) -> (3 2 1 0)
23354,13,3,B3+B4+F4,5,2q^2 + 1q^3 + 3q^4 + 1q^5 + 1q^6,B3: (0 2 0) -> (0 2 2) ; B4: (1 0 2 0) -> (0 0 2 2) ; F4: (0 2 0 3) -> (0 2 2 0)
23356,12,3,B3+B4+F4,9,1q + 2q^3 + 1q^5,B3: (0 2 0) -> (0 3 0) ; B4: (1 0 2 0) -> (0 0 3 0) ; F4: (0 2 0 2) -> (0 3 0 0)
23361,10,3,B3+B4+F4,60,1q + 2q^2 + 2q^3 + 1q^4,B3: (0 2 0) -> (1 1 2) ; B4: (1 0 2 0) -> (0 1 1 2) ; F4: (0 2 0 2) -> (1 1 2 0)
23366,13,3,B3+B4+F4,4,1q^3 + 2q^4 + 3q^5 + 2q^6 + 1q^7 + 1q^8,B3: (0 2 0) -> (1 3 0) ; B4: (2 0 2 0) -> (0 1 3 0) ; F4: (0 2 0 3) -> (1 3 0 0)
23370,4,5,B3+B4+C3+C4+F4,393,1q^2,B3: (0 2 0) -> (2 0 2) ; B4: (0 1 1 0) -> (2 0 0 2) ; C3: (0 3 0) -> (2 0 2) ; C4: (0 1 2 0) -> (2 0 0 2) ; F4: (0 1 1 0) -> (2 0 0 2)
23373,13,3,B3+B4+F4,4,4q^3 + 4q^4 + 4q^5 + 2q^6 + 1q^7,B3: (0 2 0) -> (2 1 2) ; B4: (2 0 2 0) -> (0 2 1 2) ; F4: (0 2 0 3) -> (2 1 2 0)
23375,14,3,B3+B4+F4,5,2q^2 + 1q^3 + 3q^4 + 1q^5 + 1q^6,B3: (0 2 0) -> (2 2 0) ; B4: (2 0 2 0) -> (0 2 2 0) ; F4: (0 2 0 2) -> (2 2 0 0)
23384,12,3,B3+B4+F4,8,1q^2 + 2q^3 + 1q^4 + 1q^5,B3: (0 2 0) -> (3 0 2) ; B4: (2 0 2 0) -> (0 3 0 2) ; F4: (0 2 0 2) -> (3 0 2 0)
23386,10,3,B3+B4+F4,30,1q^3 + 1q^4,B3: (0 2 0) -> (3 1 0) ; B4: (2 0 2 0) -> (0 3 1 0) ; F4: (0 2 0 1) -> (3 1 0 0)
23390,12,3,B3+B4+F4,3,2q^4 + 3q^5 + 3q^6 + 3q^7 + 1q^8 + 1q^9,B3: (0 2 0) -> (3 2 0) ; B4: (3 0 2 0) -> (0 3 2 0) ; F4: (0 2 0 3) -> (3 2 0 0)
23398,12,3,B3+B4+F4,5,2q^2 + 2q^3 + 3q^4 + 1q^5 + 1q^6,B3: (0 2 1) -> (0 2 3) ; B4: (1 0 2 1) -> (0 0 2 3) ; F4: (0 2 1 3) -> (0 2 3 0)
23399,11,3,B3+B4+F4,9,1q + 1q^2 + 2q^3 + 1q^4 + 1q^5,B3: (0 2 1) -> (0 3 1) ; B4: (1 0 2 1) -> (0 0 3 1) ; F4: (0 2 1 2) -> (0 3 1 0)
23402,8,3,B3+B4+F4,150,1q + 2q^2 + 2q^3 + 1q^4,B3: (0 2 1) -> (1 1 3) ; B4: (1 0 2 1) -> (0 1 1 3) ; F4: (0 2 1 2) -> (1 1 3 0)
23406,12,3,B3+B4+F4,4,1q^2 + 3q^3 + 5q^4 + 5q^5 + 3q^6 + 2q^7 + 1q^8,B3: (0 2 1) -> (1 3 1) ; B4: (2 0 2 1) -> (0 1 3 1) ; F4: (0 2 1 3) -> (1 3 1 0)
23410,12,3,B3+B4+F4,4,1q^2 + 5q^3 + 5q^4 + 4q^5 + 2q^6 + 1q^7,B3: (0 2 1) -> (2 1 3) ; B4: (2 0 2 1) -> (0 2 1 3) ; F4: (0 2 1 3) -> (2 1 3 0)
23411,13,3,B3+B4+F4,5,2q^2 + 3q^3 + 4q^4 + 2q^5 + 1q^6,B3: (0 2 1) -> (2 2 1) ; B4: (2 0 2 1) -> (0 2 2 1) ; F4: (0 2 1 2) -> (2 2 1 0)
23418,10,3,B3+B4+F4,20,1q^2 + 2q^3 + 1q^4 + 1q^5,B3: (0 2 1) -> (3 0 3) ; B4: (2 0 2 1) -> (0 3 0 3) ; F4: (0 2 1 2) -> (3 0 3 0)
23419,8,3,B3+B4+F4,150,1q^2 + 2q^3 + 1q^4,B3: (0 2 1) -> (3 1 1) ; B4: (2 0 2 1) -> (0 3 1 1) ; F4: (0 2 1 1) -> (3 1 1 0)
23423,11,3,B3+B4+F4,3,2q^3 + 5q^4 + 7q^5 + 6q^6 + 4q^7 + 2q^8 + 1q^9,B3: (0 2 1) -> (3 2 1) ; B4: (3 0 2 1) -> (0 3 2 1) ; F4: (0 2 1 3) -> (3 2 1 0)
23430,12,3,B3+B4+F4,9,1q + 1q^2 + 3q^3 + 1q^4 + 1q^5,B3: (0 2 2) -> (0 3 2) ; B4: (1 0 2 2) -> (0 0 3 2) ; F4: (0 2 2 2) -> (0 3 2 0)
23434,13,3,B3+B4+F4,4,1q^2 + 4q^3 + 6q^4 + 6q^5 + 4q^6 + 2q^7 + 1q^8,B3: (0 2 2) -> (1 3 2) ; B4: (2 0 2 2) -> (0 1 3 2) ; F4: (0 2 2 3) -> (1 3 2 0)
23436,14,3,B3+B4+F4,5,3q^2 + 4q^3 + 5q^4 + 2q^5 + 1q^6,B3: (0 2 2) -> (2 2 2) ; B4: (2 0 2 2) -> (0 2 2 2) ; F4: (0 2 2 2) -> (2 2 2 0)
23438,12,3,B3+B4+F4,9,2q^3 + 1q^4 + 1q^5,B3: (0 2 2) -> (2 3 0) ; B4: (2 0 2 2) -> (0 2 3 0) ; F4: (0 2 2 1) -> (2 3 0 0)
23444,12,3,B3+B4+F4,3,2q^3 + 7q^4 + 9q^5 + 7q^6 + 5q^7 + 2q^8 + 1q^9,B3: (0 2 2) -> (3 2 2) ; B4: (3 0 2 2) -> (0 3 2 2) ; F4: (0 2 2 3) -> (3 2 2 0)
23446,13,3,B3+B4+F4,4,2q^3 + 3q^4 + 4q^5 + 3q^6 + 1q^7 + 1q^8,B3: (0 2 2) -> (3 3 0) ; B4: (3 0 2 2) -> (0 3 3 0) ; F4: (0 2 2 2) -> (3 3 0 0)
23450,10,3,B3+B4+F4,21,1q + 1q^2 + 3q^3 + 1q^4 + 1q^5,B3: (0 2 3) -> (0 3 3) ; B4: (1 0 2 3) -> (0 0 3 3) ; F4: (0 2 3 2) -> (0 3 3 0)
23452,13,3,B3+B4+F4,4,1q^2 + 4q^3 + 7q^4 + 7q^5 + 4q^6 + 2q^7 + 1q^8,B3: (0 2 3) -> (1 3 3) ; B4: (2 0 2 3) -> (0 1 3 3) ; F4: (0 2 3 3) -> (1 3 3 0)
23453,12,3,B3+B4+F4,8,3q^2 + 4q^3 + 5q^4 + 2q^5 + 1q^6,B3: (0 2 3) -> (2 2 3) ; B4: (2 0 2 3) -> (0 2 2 3) ; F4: (0 2 3 2) -> (2 2 3 0)
23454,10,3,B3+B4+F4,21,1q^2 + 3q^3 + 2q^4 + 1q^5,B3: (0 2 3) -> (2 3 1) ; B4: (2 0 2 3) -> (0 2 3 1) ; F4: (0 2 3 1) -> (2 3 1 0)
23458,12,3,B3+B4+F4,3,3q^3 + 8q^4 + 10q^5 + 8q^6 + 5q^7 + 2q^8 + 1q^9,B3: (0 2 3) -> (3 2 3) ; B4: (3 0 2 3) -> (0 3 2 3) ; F4: (0 2 3 3) -> (3 2 3 0)
23460,13,3,B3+B4+F4,4,2q^3 + 5q^4 + 6q^5 + 4q^6 + 2q^7 + 1q^8,B3: (0 2 3) -> (3 3 1) ; B4: (3 0 2 3) -> (0 3 3 1) ; F4: (0 2 3 2) -> (3 3 1 0)
23463,12,3,B3+B4+F4,8,2q^2 + 1q^3 + 3q^4 + 1q^5 + 1q^6,B3: (0 3 0) -> (0 3 2) ; B4: (1 0 3 0) -> (0 0 3 2) ; F4: (0 3 0 3) -> (0 3 2 0)
23470,14,3,B3+B4+F4,4,4q^3 + 4q^4 + 5q^5 + 2q^6 + 1q^7,B3: (0 3 0) -> (2 2 2) ; B4: (2 0 3 0) -> (0 2 2 2) ; F4: (0 3 0 3) -> (2 2 2 0)
23472,12,3,B3+B4+F4,8,2q^2 + 1q^3 + 3q^4 + 1q^5 + 1q^6,B3: (0 3 0) -> (2 3 0) ; B4: (2 0 3 0) -> (0 2 3 0) ; F4: (0 3 0 2) -> (2 3 0 0)
23477,10,3,B3+B4+F4,20,1q^2 + 2q^3 + 2q^4 + 1q^5,B3: (0 3 0) -> (3 1 2) ; B4: (2 0 3 0) -> (0 3 1 2) ; F4: (0 3 0 2) -> (3 1 2 0)
23482,14,3,B3+B4+F4,3,2q^4 + 3q^5 + 4q^6 + 3q^7 + 1q^8 + 1q^9,B3: (0 3 0) -> (3 3 0) ; B4: (3 0 3 0) -> (0 3 3 0) ; F4: (0 3 0 3) -> (3 3 0 0)
23486,11,3,B3+B4+F4,8,2q^2 + 2q^3 + 3q^4 + 1q^5 + 1q^6,B3: (0 3 1) -> (0 3 3) ; B4: (1 0 3 1) -> (0 0 3 3) ; F4: (0 3 1 3) -> (0 3 3 0)
23489,13,3,B3+B4+F4,4,1q^2 + 5q^3 + 5q^4 + 5q^5 + 2q^6 + 1q^7,B3: (0 3 1) -> (2 2 3) ; B4: (2 0 3 1) -> (0 2 2 3) ; F4: (0 3 1 3) -> (2 2 3 0)
23490,11,3,B3+B4+F4,8,2q^2 + 3q^3 + 4q^4 + 2q^5 + 1q^6,B3: (0 3 1) -> (2 3 1) ; B4: (2 0 3 1) -> (0 2 3 1) ; F4: (0 3 1 2) -> (2 3 1 0)
23493,8,3,B3+B4+F4,68,1q^2 + 2q^3 + 2q^4 + 1q^5,B3: (0 3 1) -> (3 1 3) ; B4: (2 0 3 1) -> (0 3 1 3) ; F4: (0 3 1 2) -> (3 1 3 0)
23497,13,3,B3+B4+F4,3,2q^3 + 5q^4 + 7q^5 + 7q^6 + 4q^7 + 2q^8 + 1q^9,B3: (0 3 1) -> (3 3 1) ; B4: (3 0 3 1) -> (0 3 3 1) ; F4: (0 3 1 3) -> (3 3 1 0)
23501,12,3,B3+B4+F4,8,3q^2 + 4q^3 + 5q^4 + 2q^5 + 1q^6,B3: (0 3 2) -> (2 3 2) ; B4: (2 0 3 2) -> (0 2 3 2) ; F4: (0 3 2 2) -> (2 3 2 0)
23505,14,3,B3+B4+F4,3,2q^3 + 7q^4 + 9q^5 + 8q^6 + 5q^7 + 2q^8 + 1q^9,B3: (0 3 2) -> (3 3 2) ; B4: (3 0 3 2) -> (0 3 3 2) ; F4: (0 3 2 3) -> (3 3 2 0)
23507,10,3,B3+B4+F4,20,3q^2 + 4q^3 + 5q^4 + 2q^5 + 1q^6,B3: (0 3 3) -> (2 3 3) ; B4: (2 0 3 3) -> (0 2 3 3) ; F4: (0 3 3 2) -> (2 3 3 0)
23509,14,3,B3+B4+F4,3,3q^3 + 8q^4 + 10q^5 + 9q^6 + 5q^7 + 2q^8 + 1q^9,B3: (0 3 3) -> (3 3 3) ; B4: (3 0 3 3) -> (0 3 3 3) ; F4: (0 3 3 3) -> (3 3 3 0)
23514,13,3,B3+B4+F4,5,1q^3 + 2q^5 + 1q^7,B3: (1 0 0) -> (0 2 0) ; B4: (1 1 0 0) -> (0 0 2 0) ; F4: (1 0 0 3) -> (0 2 0 0)
23522,11,3,B3+B4+F4,18,1q^2 + 1q^3 + 2q^4 + 1q^5 + 1q^6,B3: (1 0 0) -> (1 0 2) ; B4: (1 1 0 0) -> (0 1 0 2) ; F4: (1 0 0 3) -> (1 0 2 0)
23524,11,3,B3+B4+F4,21,1q + 1q^2 + 1q^3 + 1q^4 + 1q^5,B3: (1 0 0) -> (1 1 0) ; B4: (1 1 0 0) -> (0 1 1 0) ; F4: (1 0 0 2) -> (1 1 0 0)
23539,13,3,B3+B4+F4,4,2q^4 + 1q^5 + 2q^6 + 1q^7 + 1q^8,B3: (1 0 0) -> (2 1 0) ; B4: (2 1 0 0) -> (0 2 1 0) ; F4: (1 0 0 3) -> (2 1 0 0)
23551,11,3,B3+B4+F4,8,1q^2 + 1q^4 + 1q^6,B3: (1 0 0) -> (3 0 0) ; B4: (2 1 0 0) -> (0 3 0 0) ; F4: (1 0 0 2) -> (3 0 0 0)
23570,13,3,B3+B4+F4,5,1q^2 + 2q^3 + 2q^4 + 2q^5 + 1q^6 + 1q^7,B3: (1 0 1) -> (0 2 1) ; B4: (1 1 0 1) -> (0 0 2 1) ; F4: (1 0 1 3) -> (0 2 1 0)
23577,11,3,B3+B4+F4,18,2q^2 + 2q^3 + 2q^4 + 1q^5 + 1q^6,B3: (1 0 1) -> (1 0 3) ; B4: (1 1 0 1) -> (0 1 0 3) ; F4: (1 0 1 3) -> (1 0 3 0)
23578,11,3,B3+B4+F4,21,1q + 2q^2 + 2q^3 + 2q^4 + 1q^5,B3: (1 0 1) -> (1 1 1) ; B4: (1 1 0 1) -> (0 1 1 1) ; F4: (1 0 1 2) -> (1 1 1 0)
23592,14,3,B3+B4+F4,4,1q^2 + 3q^3 + 4q^4 + 4q^5 + 3q^6 + 2q^7 + 1q^8,B3: (1 0 1) -> (2 1 1) ; B4: (2 1 0 1) -> (0 2 1 1) ; F4: (1 0 1 3) -> (2 1 1 0)
23603,12,3,B3+B4+F4,8,1q^2 + 1q^3 + 2q^4 + 1q^5 + 1q^6,B3: (1 0 1) -> (3 0 1) ; B4: (2 1 0 1) -> (0 3 0 1) ; F4: (1 0 1 2) -> (3 0 1 0)
23620,13,3,B3+B4+F4,5,1q^2 + 3q^3 + 2q^4 + 3q^5 + 1q^6 + 1q^7,B3: (1 0 2) -> (0 2 2) ; B4: (1 1 0 2) -> (0 0 2 2) ; F4: (1 0 2 3) -> (0 2 2 0)
23622,13,3,B3+B4+F4,6,1q^2 + 1q^3 + 2q^4 + 1q^6,B3: (1 0 2) -> (0 3 0) ; B4: (1 1 0 2) -> (0 0 3 0) ; F4: (1 0 2 2) -> (0 3 0 0)
23626,11,3,B3+B4+F4,21,1q + 3q^2 + 3q^3 + 2q^4 + 1q^5,B3: (1 0 2) -> (1 1 2) ; B4: (1 1 0 2) -> (0 1 1 2) ; F4: (1 0 2 2) -> (1 1 2 0)
23628,10,3,B3+B4+F4,24,1q^2 + 1q^3 + 1q^4,B3: (1 0 2) -> (1 2 0) ; B4: (1 1 0 2) -> (0 1 2 0) ; F4: (1 0 2 1) -> (1 2 0 0)
23632,14,3,B3+B4+F4,4,1q^3 + 2q^4 + 3q^5 + 3q^6 + 2q^7 + 1q^8 + 1q^9,B3: (1 0 2) -> (1 3 0) ; B4: (2 1 0 2) -> (0 1 3 0) ; F4: (1 0 2 3) -> (1 3 0 0)
23638,14,3,B3+B4+F4,4,1q^2 + 4q^3 + 6q^4 + 5q^5 + 4q^6 + 2q^7 + 1q^8,B3: (1 0 2) -> (2 1 2) ; B4: (2 1 0 2) -> (0 2 1 2) ; F4: (1 0 2 3) -> (2 1 2 0)
23640,14,3,B3+B4+F4,5,1q^2 + 3q^3 + 2q^4 + 3q^5 + 1q^6 + 1q^7,B3: (1 0 2) -> (2 2 0) ; B4: (2 1 0 2) -> (0 2 2 0) ; F4: (1 0 2 2) -> (2 2 0 0)
23648,12,3,B3+B4+F4,8,2q^2 + 2q^3 + 3q^4 + 1q^5 + 1q^6,B3: (1 0 2) -> (3 0 2) ; B4: (2 1 0 2) -> (0 3 0 2) ; F4: (1 0 2 2) -> (3 0 2 0)
23650,11,3,B3+B4+F4,9,1q^3 + 1q^4 + 1q^5,B3: (1 0 2) -> (3 1 0) ; B4: (2 1 0 2) -> (0 3 1 0) ; F4: (1 0 2 1) -> (3 1 0 0)
23654,14,3,B3+B4+F4,3,2q^4 + 3q^5 + 4q^6 + 3q^7 + 3q^8 + 1q^9 + 1q^10,B3: (1 0 2) -> (3 2 0) ; B4: (3 1 0 2) -> (0 3 2 0) ; F4: (1 0 2 3) -> (3 2 0 0)
23663,12,3,B3+B4+F4,5,1q^2 + 3q^3 + 3q^4 + 3q^5 + 1q^6 + 1q^7,B3: (1 0 3) -> (0 2 3) ; B4: (1 1 0 3) -> (0 0 2 3) ; F4: (1 0 3 3) -> (0 2 3 0)
23665,12,3,B3+B4+F4,6,1q^2 + 2q^3 + 2q^4 + 1q^5 + 1q^6,B3: (1 0 3) -> (0 3 1) ; B4: (1 1 0 3) -> (0 0 3 1) ; F4: (1 0 3 2) -> (0 3 1 0)
23668,9,3,B3+B4+F4,39,1q + 3q^2 + 3q^3 + 2q^4 + 1q^5,B3: (1 0 3) -> (1 1 3) ; B4: (1 1 0 3) -> (0 1 1 3) ; F4: (1 0 3 2) -> (1 1 3 0)
23669,8,3,B3+B4+F4,42,2q^2 + 2q^3 + 1q^4,B3: (1 0 3) -> (1 2 1) ; B4: (1 1 0 3) -> (0 1 2 1) ; F4: (1 0 3 1) -> (1 2 1 0)
23673,13,3,B3+B4+F4,4,2q^3 + 5q^4 + 6q^5 + 5q^6 + 3q^7 + 2q^8 + 1q^9,B3: (1 0 3) -> (1 3 1) ; B4: (2 1 0 3) -> (0 1 3 1) ; F4: (1 0 3 3) -> (1 3 1 0)
23677,13,3,B3+B4+F4,4,1q^2 + 5q^3 + 7q^4 + 6q^5 + 4q^6 + 2q^7 + 1q^8,B3: (1 0 3) -> (2 1 3) ; B4: (2 1 0 3) -> (0 2 1 3) ; F4: (1 0 3 3) -> (2 1 3 0)
23679,13,3,B3+B4+F4,5,1q^2 + 4q^3 + 4q^4 + 4q^5 + 2q^6 + 1q^7,B3: (1 0 3) -> (2 2 1) ; B4: (2 1 0 3) -> (0 2 2 1) ; F4: (1 0 3 2) -> (2 2 1 0)
23686,10,3,B3+B4+F4,20,2q^2 + 2q^3 + 3q^4 + 1q^5 + 1q^6,B3: (1 0 3) -> (3 0 3) ; B4: (2 1 0 3) -> (0 3 0 3) ; F4: (1 0 3 2) -> (3 0 3 0)
23687,9,3,B3+B4+F4,21,1q^2 + 2q^3 + 2q^4 + 1q^5,B3: (1 0 3) -> (3 1 1) ; B4: (2 1 0 3) -> (0 3 1 1) ; F4: (1 0 3 1) -> (3 1 1 0)
23691,13,3,B3+B4+F4,3,1q^3 + 5q^4 + 7q^5 + 8q^6 + 6q^7 + 4q^8 + 2q^9 + 1q^10,B3: (1 0 3) -> (3 2 1) ; B4: (3 1 0 3) -> (0 3 2 1) ; F4: (1 0 3 3) -> (3 2 1 0)
23702,14,3,B3+B4+F4,5,1q^3 + 1q^4 + 2q^5 + 1q^7,B3: (1 1 0) -> (0 3 0) ; B4: (1 1 1 0) -> (0 0 3 0) ; F4: (1 1 0 3) -> (0 3 0 0)
23706,12,3,B3+B4+F4,18,2q^2 + 3q^3 + 3q^4 + 2q^5 + 1q^6,B3: (1 1 0) -> (1 1 2) ; B4: (1 1 1 0) -> (0 1 1 2) ; F4: (1 1 0 3) -> (1 1 2 0)
23708,11,3,B3+B4+F4,21,1q + 1q^2 + 2q^3 + 1q^4 + 1q^5,B3: (1 1 0) -> (1 2 0) ; B4: (1 1 1 0) -> (0 1 2 0) ; F4: (1 1 0 2) -> (1 2 0 0)
23720,13,3,B3+B4+F4,4,1q^3 + 3q^4 + 2q^5 + 3q^6 + 1q^7 + 1q^8,B3: (1 1 0) -> (2 2 0) ; B4: (2 1 1 0) -> (0 2 2 0) ; F4: (1 1 0 3) -> (2 2 0 0)
23728,11,3,B3+B4+F4,7,3q^3 + 2q^4 + 3q^5 + 1q^6 + 1q^7,B3: (1 1 0) -> (3 0 2) ; B4: (2 1 1 0) -> (0 3 0 2) ; F4: (1 1 0 3) -> (3 0 2 0)
23730,10,3,B3+B4+F4,8,2q^2 + 1q^3 + 2q^4 + 1q^5 + 1q^6,B3: (1 1 0) -> (3 1 0) ; B4: (2 1 1 0) -> (0 3 1 0) ; F4: (1 1 0 2) -> (3 1 0 0)
23745,14,3,B3+B4+F4,5,1q^2 + 2q^3 + 3q^4 + 2q^5 + 1q^6 + 1q^7,B3: (1 1 1) -> (0 3 1) ; B4: (1 1 1 1) -> (0 0 3 1) ; F4: (1 1 1 3) -> (0 3 1 0)
23748,12,3,B3+B4+F4,18,3q^2 + 4q^3 + 3q^4 + 2q^5 + 1q^6,B3: (1 1 1) -> (1 1 3) ; B4: (1 1 1 1) -> (0 1 1 3) ; F4: (1 1 1 3) -> (1 1 3 0)
23749,11,3,B3+B4+F4,21,1q + 2q^2 + 3q^3 + 2q^4 + 1q^5,B3: (1 1 1) -> (1 2 1) ; B4: (1 1 1 1) -> (0 1 2 1) ; F4: (1 1 1 2) -> (1 2 1 0)
23759,13,3,B3+B4+F4,4,1q^2 + 4q^3 + 6q^4 + 5q^5 + 4q^6 + 2q^7 + 1q^8,B3: (1 1 1) -> (2 2 1) ; B4: (2 1 1 1) -> (0 2 2 1) ; F4: (1 1 1 3) -> (2 2 1 0)
23766,11,3,B3+B4+F4,7,1q^2 + 4q^3 + 3q^4 + 3q^5 + 1q^6 + 1q^7,B3: (1 1 1) -> (3 0 3) ; B4: (2 1 1 1) -> (0 3 0 3) ; F4: (1 1 1 3) -> (3 0 3 0)
23767,10,3,B3+B4+F4,8,2q^2 + 3q^3 + 3q^4 + 2q^5 + 1q^6,B3: (1 1 1) -> (3 1 1) ; B4: (2 1 1 1) -> (0 3 1 1) ; F4: (1 1 1 2) -> (3 1 1 0)
23780,14,3,B3+B4+F4,5,1q^2 + 3q^3 + 3q^4 + 3q^5 + 1q^6 + 1q^7,B3: (1 1 2) -> (0 3 2) ; B4: (1 1 1 2) -> (0 0 3 2) ; F4: (1 1 2 3) -> (0 3 2 0)
23782,11,3,B3+B4+F4,21,1q + 3q^2 + 4q^3 + 2q^4 + 1q^5,B3: (1 1 2) -> (1 2 2) ; B4: (1 1 1 2) -> (0 1 2 2) ; F4: (1 1 2 2) -> (1 2 2 0)
23784,10,3,B3+B4+F4,42,1q^2 + 1q^3 + 1q^4,B3: (1 1 2) -> (1 3 0) ; B4: (1 1 1 2) -> (0 1 3 0) ; F4: (1 1 2 1) -> (1 3 0 0)
23790,13,3,B3+B4+F4,4,1q^2 + 5q^3 + 8q^4 + 6q^5 + 5q^6 + 2q^7 + 1q^8,B3: (1 1 2) -> (2 2 2) ; B4: (2 1 1 2) -> (0 2 2 2) ; F4: (1 1 2 3) -> (2 2 2 0)
23792,12,3,B3+B4+F4,5,1q^2 + 3q^3 + 3q^4 + 3q^5 + 1q^6 + 1q^7,B3: (1 1 2) -> (2 3 0) ; B4: (2 1 1 2) -> (0 2 3 0) ; F4: (1 1 2 2) -> (2 3 0 0)
23796,10,3,B3+B4+F4,8,3q^2 + 4q^3 + 4q^4 + 2q^5 + 1q^6,B3: (1 1 2) -> (3 1 2) ; B4: (2 1 1 2) -> (0 3 1 2) ; F4: (1 1 2 2) -> (3 1 2 0)
23798,11,3,B3+B4+F4,9,2q^3 + 1q^4 + 1q^5,B3: (1 1 2) -> (3 2 0) ; B4: (2 1 1 2) -> (0 3 2 0) ; F4: (1 1 2 1) -> (3 2 0 0)
23802,14,3,B3+B4+F4,3,3q^4 + 4q^5 + 5q^6 + 4q^7 + 3q^8 + 1q^9 + 1q^10,B3: (1 1 2) -> (3 3 0) ; B4: (3 1 1 2) -> (0 3 3 0) ; F4: (1 1 2 3) -> (3 3 0 0)
23807,13,3,B3+B4+F4,5,1q^2 + 3q^3 + 4q^4 + 3q^5 + 1q^6 + 1q^7,B3: (1 1 3) -> (0 3 3) ; B4: (1 1 1 3) -> (0 0 3 3) ; F4: (1 1 3 3) -> (0 3 3 0)
23808,9,3,B3+B4+F4,39,1q + 3q^2 + 4q^3 + 2q^4 + 1q^5,B3: (1 1 3) -> (1 2 3) ; B4: (1 1 1 3) -> (0 1 2 3) ; F4: (1 1 3 2) -> (1 2 3 0)
23809,8,3,B3+B4+F4,114,2q^2 + 2q^3 + 1q^4,B3: (1 1 3) -> (1 3 1) ; B4: (1 1 1 3) -> (0 1 3 1) ; F4: (1 1 3 1) -> (1 3 1 0)
23813,12,3,B3+B4+F4,4,1q^2 + 6q^3 + 9q^4 + 7q^5 + 5q^6 + 2q^7 + 1q^8,B3: (1 1 3) -> (2 2 3) ; B4: (2 1 1 3) -> (0 2 2 3) ; F4: (1 1 3 3) -> (2 2 3 0)
23815,11,3,B3+B4+F4,5,1q^2 + 4q^3 + 5q^4 + 4q^5 + 2q^6 + 1q^7,B3: (1 1 3) -> (2 3 1) ; B4: (2 1 1 3) -> (0 2 3 1) ; F4: (1 1 3 2) -> (2 3 1 0)
23818,8,3,B3+B4+F4,20,3q^2 + 4q^3 + 4q^4 + 2q^5 + 1q^6,B3: (1 1 3) -> (3 1 3) ; B4: (2 1 1 3) -> (0 3 1 3) ; F4: (1 1 3 2) -> (3 1 3 0)
23819,9,3,B3+B4+F4,21,1q^2 + 3q^3 + 2q^4 + 1q^5,B3: (1 1 3) -> (3 2 1) ; B4: (2 1 1 3) -> (0 3 2 1) ; F4: (1 1 3 1) -> (3 2 1 0)
23823,13,3,B3+B4+F4,3,1q^3 + 6q^4 + 9q^5 + 9q^6 + 7q^7 + 4q^8 + 2q^9 + 1q^10,B3: (1 1 3) -> (3 3 1) ; B4: (3 1 1 3) -> (0 3 3 1) ; F4: (1 1 3 3) -> (3 3 1 0)
23830,11,3,B3+B4+F4,18,2q^2 + 3q^3 + 4q^4 + 2q^5 + 1q^6,B3: (1 2 0) -> (1 2 2) ; B4: (1 1 2 0) -> (0 1 2 2) ; F4: (1 2 0 3) -> (1 2 2 0)
23832,10,3,B3+B4+F4,39,1q + 1q^2 + 2q^3 + 1q^4 + 1q^5,B3: (1 2 0) -> (1 3 0) ; B4: (1 1 2 0) -> (0 1 3 0) ; F4: (1 2 0 2) -> (1 3 0 0)
23840,13,3,B3+B4+F4,4,1q^3 + 3q^4 + 3q^5 + 3q^6 + 1q^7 + 1q^8,B3: (1 2 0) -> (2 3 0) ; B4: (2 1 2 0) -> (0 2 3 0) ; F4: (1 2 0 3) -> (2 3 0 0)
23844,11,3,B3+B4+F4,7,4q^3 + 4q^4 + 4q^5 + 2q^6 + 1q^7,B3: (1 2 0) -> (3 1 2) ; B4: (2 1 2 0) -> (0 3 1 2) ; F4: (1 2 0 3) -> (3 1 2 0)
23846,12,3,B3+B4+F4,8,2q^2 + 1q^3 + 3q^4 + 1q^5 + 1q^6,B3: (1 2 0) -> (3 2 0) ; B4: (2 1 2 0) -> (0 3 2 0) ; F4: (1 2 0 2) -> (3 2 0 0)
23856,11,3,B3+B4+F4,18,3q^2 + 4q^3 + 4q^4 + 2q^5 + 1q^6,B3: (1 2 1) -> (1 2 3) ; B4: (1 1 2 1) -> (0 1 2 3) ; F4: (1 2 1 3) -> (1 2 3 0)
23857,10,3,B3+B4+F4,39,1q + 2q^2 + 3q^3 + 2q^4 + 1q^5,B3: (1 2 1) -> (1 3 1) ; B4: (1 1 2 1) -> (0 1 3 1) ; F4: (1 2 1 2) -> (1 3 1 0)
23863,13,3,B3+B4+F4,4,1q^2 + 4q^3 + 6q^4 + 6q^5 + 4q^6 + 2q^7 + 1q^8,B3: (1 2 1) -> (2 3 1) ; B4: (2 1 2 1) -> (0 2 3 1) ; F4: (1 2 1 3) -> (2 3 1 0)
23866,11,3,B3+B4+F4,7,1q^2 + 5q^3 + 5q^4 + 4q^5 + 2q^6 + 1q^7,B3: (1 2 1) -> (3 1 3) ; B4: (2 1 2 1) -> (0 3 1 3) ; F4: (1 2 1 3) -> (3 1 3 0)
23867,12,3,B3+B4+F4,8,2q^2 + 3q^3 + 4q^4 + 2q^5 + 1q^6,B3: (1 2 1) -> (3 2 1) ; B4: (2 1 2 1) -> (0 3 2 1) ; F4: (1 2 1 2) -> (3 2 1 0)
23875,10,3,B3+B4+F4,39,1q + 3q^2 + 4q^3 + 2q^4 + 1q^5,B3: (1 2 2) -> (1 3 2) ; B4: (1 1 2 2) -> (0 1 3 2) ; F4: (1 2 2 2) -> (1 3 2 0)
23879,13,3,B3+B4+F4,4,1q^2 + 5q^3 + 8q^4 + 7q^5 + 5q^6 + 2q^7 + 1q^8,B3: (1 2 2) -> (2 3 2) ; B4: (2 1 2 2) -> (0 2 3 2) ; F4: (1 2 2 3) -> (2 3 2 0)
23881,12,3,B3+B4+F4,8,3q^2 + 4q^3 + 5q^4 + 2q^5 + 1q^6,B3: (1 2 2) -> (3 2 2) ; B4: (2 1 2 2) -> (0 3 2 2) ; F4: (1 2 2 2) -> (3 2 2 0)
23883,10,3,B3+B4+F4,21,2q^3 + 1q^4 + 1q^5,B3: (1 2 2) -> (3 3 0) ; B4: (2 1 2 2) -> (0 3 3 0) ; F4: (1 2 2 1) -> (3 3 0 0)
23887,8,3,B3+B4+F4,111,1q + 3q^2 + 4q^3 + 2q^4 + 1q^5,B3: (1 2 3) -> (1 3 3) ; B4: (1 1 2 3) -> (0 1 3 3) ; F4: (1 2 3 2) -> (1 3 3 0)
23889,12,3,B3+B4+F4,4,1q^2 + 6q^3 + 9q^4 + 8q^5 + 5q^6 + 2q^7 + 1q^8,B3: (1 2 3) -> (2 3 3) ; B4: (2 1 2 3) -> (0 2 3 3) ; F4: (1 2 3 3) -> (2 3 3 0)
23890,10,3,B3+B4+F4,20,3q^2 + 4q^3 + 5q^4 + 2q^5 + 1q^6,B3: (1 2 3) -> (3 2 3) ; B4: (2 1 2 3) -> (0 3 2 3) ; F4: (1 2 3 2) -> (3 2 3 0)
23891,8,3,B3+B4+F4,69,1q^2 + 3q^3 + 2q^4 + 1q^5,B3: (1 2 3) -> (3 3 1) ; B4: (2 1 2 3) -> (0 3 3 1) ; F4: (1 2 3 1) -> (3 3 1 0)
23895,10,3,B3+B4+F4,36,2q^2 + 3q^3 + 4q^4 + 2q^5 + 1q^6,B3: (1 3 0) -> (1 3 2) ; B4: (1 1 3 0) -> (0 1 3 2) ; F4: (1 3 0 3) -> (1 3 2 0)
23901,12,3,B3+B4+F4,7,4q^3 + 4q^4 + 5q^5 + 2q^6 + 1q^7,B3: (1 3 0) -> (3 2 2) ; B4: (2 1 3 0) -> (0 3 2 2) ; F4: (1 3 0 3) -> (3 2 2 0)
23903,10,3,B3+B4+F4,20,2q^2 + 1q^3 + 3q^4 + 1q^5 + 1q^6,B3: (1 3 0) -> (3 3 0) ; B4: (2 1 3 0) -> (0 3 3 0) ; F4: (1 3 0 2) -> (3 3 0 0)
23907,10,3,B3+B4+F4,36,3q^2 + 4q^3 + 4q^4 + 2q^5 + 1q^6,B3: (1 3 1) -> (1 3 3) ; B4: (1 1 3 1) -> (0 1 3 3) ; F4: (1 3 1 3) -> (1 3 3 0)
23910,12,3,B3+B4+F4,7,1q^2 + 5q^3 + 5q^4 + 5q^5 + 2q^6 + 1q^7,B3: (1 3 1) -> (3 2 3) ; B4: (2 1 3 1) -> (0 3 2 3) ; F4: (1 3 1 3) -> (3 2 3 0)
23911,10,3,B3+B4+F4,20,2q^2 + 3q^3 + 4q^4 + 2q^5 + 1q^6,B3: (1 3 1) -> (3 3 1) ; B4: (2 1 3 1) -> (0 3 3 1) ; F4: (1 3 1 2) -> (3 3 1 0)
23915,10,3,B3+B4+F4,20,3q^2 + 4q^3 + 5q^4 + 2q^5 + 1q^6,B3: (1 3 2) -> (3 3 2) ; B4: (2 1 3 2) -> (0 3 3 2) ; F4: (1 3 2 2) -> (3 3 2 0)
23917,8,3,B3+B4+F4,68,3q^2 + 4q^3 + 5q^4 + 2q^5 + 1q^6,B3: (1 3 3) -> (3 3 3) ; B4: (2 1 3 3) -> (0 3 3 3) ; F4: (1 3 3 2) -> (3 3 3 0)
23928,11,3,B3+B4+F4,13,1q^3 + 1q^4 + 2q^5 + 1q^6 + 1q^7,B3: (2 0 0) -> (1 2 0) ; B4: (1 2 0 0) -> (0 1 2 0) ; F4: (2 0 0 3) -> (1 2 0 0)
23950,11,3,B3+B4+F4,7,2q^4 + 1q^5 + 2q^6 + 1q^7 + 1q^8,B3: (2 0 0) -> (3 1 0) ; B4: (2 2 0 0) -> (0 3 1 0) ; F4: (2 0 0 3) -> (3 1 0 0)
23969,11,3,B3+B4+F4,13,1q^2 + 3q^3 + 3q^4 + 3q^5 + 2q^6 + 1q^7,B3: (2 0 1) -> (1 2 1) ; B4: (1 2 0 1) -> (0 1 2 1) ; F4: (2 0 1 3) -> (1 2 1 0)
23987,12,3,B3+B4+F4,7,1q^2 + 3q^3 + 4q^4 + 4q^5 + 3q^6 + 2q^7 + 1q^8,B3: (2 0 1) -> (3 1 1) ; B4: (2 2 0 1) -> (0 3 1 1) ; F4: (2 0 1 3) -> (3 1 1 0)
24002,11,3,B3+B4+F4,13,1q^2 + 4q^3 + 4q^4 + 4q^5 + 2q^6 + 1q^7,B3: (2 0 2) -> (1 2 2) ; B4: (1 2 0 2) -> (0 1 2 2) ; F4: (2 0 2 3) -> (1 2 2 0)
24004,11,3,B3+B4+F4,15,1q^2 + 2q^3 + 2q^4 + 1q^5 + 1q^6,B3: (2 0 2) -> (1 3 0) ; B4: (1 2 0 2) -> (0 1 3 0) ; F4: (2 0 2 2) -> (1 3 0 0)
24012,14,3,B3+B4+F4,4,1q^3 + 2q^4 + 4q^5 + 3q^6 + 3q^7 + 1q^8 + 1q^9,B3: (2 0 2) -> (2 3 0) ; B4: (2 2 0 2) -> (0 2 3 0) ; F4: (2 0 2 3) -> (2 3 0 0)
24016,12,3,B3+B4+F4,7,1q^2 + 4q^3 + 6q^4 + 5q^5 + 4q^6 + 2q^7 + 1q^8,B3: (2 0 2) -> (3 1 2) ; B4: (2 2 0 2) -> (0 3 1 2) ; F4: (2 0 2 3) -> (3 1 2 0)
24018,12,3,B3+B4+F4,8,1q^2 + 3q^3 + 2q^4 + 3q^5 + 1q^6 + 1q^7,B3: (2 0 2) -> (3 2 0) ; B4: (2 2 0 2) -> (0 3 2 0) ; F4: (2 0 2 2) -> (3 2 0 0)
24028,11,3,B3+B4+F4,13,1q^2 + 5q^3 + 5q^4 + 4q^5 + 2q^6 + 1q^7,B3: (2 0 3) -> (1 2 3) ; B4: (1 2 0 3) -> (0 1 2 3) ; F4: (2 0 3 3) -> (1 2 3 0)
24029,11,3,B3+B4+F4,15,1q^2 + 3q^3 + 3q^4 + 2q^5 + 1q^6,B3: (2 0 3) -> (1 3 1) ; B4: (1 2 0 3) -> (0 1 3 1) ; F4: (2 0 3 2) -> (1 3 1 0)
24035,14,3,B3+B4+F4,4,2q^3 + 6q^4 + 7q^5 + 6q^6 + 4q^7 + 2q^8 + 1q^9,B3: (2 0 3) -> (2 3 1) ; B4: (2 2 0 3) -> (0 2 3 1) ; F4: (2 0 3 3) -> (2 3 1 0)
24038,12,3,B3+B4+F4,7,1q^2 + 5q^3 + 7q^4 + 6q^5 + 4q^6 + 2q^7 + 1q^8,B3: (2 0 3) -> (3 1 3) ; B4: (2 2 0 3) -> (0 3 1 3) ; F4: (2 0 3 3) -> (3 1 3 0)
24039,12,3,B3+B4+F4,8,1q^2 + 4q^3 + 4q^4 + 4q^5 + 2q^6 + 1q^7,B3: (2 0 3) -> (3 2 1) ; B4: (2 2 0 3) -> (0 3 2 1) ; F4: (2 0 3 2) -> (3 2 1 0)
24052,12,3,B3+B4+F4,13,1q^3 + 2q^4 + 2q^5 + 1q^6 + 1q^7,B3: (2 1 0) -> (1 3 0) ; B4: (1 2 1 0) -> (0 1 3 0) ; F4: (2 1 0 3) -> (1 3 0 0)
24066,11,3,B3+B4+F4,7,1q^3 + 3q^4 + 2q^5 + 3q^6 + 1q^7 + 1q^8,B3: (2 1 0) -> (3 2 0) ; B4: (2 2 1 0) -> (0 3 2 0) ; F4: (2 1 0 3) -> (3 2 0 0)
24077,12,3,B3+B4+F4,13,1q^2 + 3q^3 + 4q^4 + 3q^5 + 2q^6 + 1q^7,B3: (2 1 1) -> (1 3 1) ; B4: (1 2 1 1) -> (0 1 3 1) ; F4: (2 1 1 3) -> (1 3 1 0)
24087,11,3,B3+B4+F4,7,1q^2 + 4q^3 + 6q^4 + 5q^5 + 4q^6 + 2q^7 + 1q^8,B3: (2 1 1) -> (3 2 1) ; B4: (2 2 1 1) -> (0 3 2 1) ; F4: (2 1 1 3) -> (3 2 1 0)
24095,12,3,B3+B4+F4,13,1q^2 + 4q^3 + 5q^4 + 4q^5 + 2q^6 + 1q^7,B3: (2 1 2) -> (1 3 2) ; B4: (1 2 1 2) -> (0 1 3 2) ; F4: (2 1 2 3) -> (1 3 2 0)
24101,11,3,B3+B4+F4,7,1q^2 + 5q^3 + 8q^4 + 6q^5 + 5q^6 + 2q^7 + 1q^8,B3: (2 1 2) -> (3 2 2) ; B4: (2 2 1 2) -> (0 3 2 2) ; F4: (2 1 2 3) -> (3 2 2 0)
24103,10,3,B3+B4+F4,8,1q^2 + 3q^3 + 3q^4 + 3q^5 + 1q^6 + 1q^7,B3: (2 1 2) -> (3 3 0) ; B4: (2 2 1 2) -> (0 3 3 0) ; F4: (2 1 2 2) -> (3 3 0 0)
24107,12,3,B3+B4+F4,13,1q^2 + 5q^3 + 6q^4 + 4q^5 + 2q^6 + 1q^7,B3: (2 1 3) -> (1 3 3) ; B4: (1 2 1 3) -> (0 1 3 3) ; F4: (2 1 3 3) -> (1 3 3 0)
24110,11,3,B3+B4+F4,7,1q^2 + 6q^3 + 9q^4 + 7q^5 + 5q^6 + 2q^7 + 1q^8,B3: (2 1 3) -> (3 2 3) ; B4: (2 2 1 3) -> (0 3 2 3) ; F4: (2 1 3 3) -> (3 2 3 0)
24111,10,3,B3+B4+F4,8,1q^2 + 4q^3 + 5q^4 + 4q^5 + 2q^6 + 1q^7,B3: (2 1 3) -> (3 3 1) ; B4: (2 2 1 3) -> (0 3 3 1) ; F4: (2 1 3 2) -> (3 3 1 0)
24123,11,3,B3+B4+F4,7,1q^3 + 3q^4 + 3q^5 + 3q^6 + 1q^7 + 1q^8,B3: (2 2 0) -> (3 3 0) ; B4: (2 2 2 0) -> (0 3 3 0) ; F4: (2 2 0 3) -> (3 3 0 0)
24131,11,3,B3+B4+F4,7,1q^2 + 4q^3 + 6q^4 + 6q^5 + 4q^6 + 2q^7 + 1q^8,B3: (2 2 1) -> (3 3 1) ; B4: (2 2 2 1) -> (0 3 3 1) ; F4: (2 2 1 3) -> (3 3 1 0)
24135,11,3,B3+B4+F4,7,1q^2 + 5q^3 + 8q^4 + 7q^5 + 5q^6 + 2q^7 + 1q^8,B3: (2 2 2) -> (3 3 2) ; B4: (2 2 2 2) -> (0 3 3 2) ; F4: (2 2 2 3) -> (3 3 2 0)
24137,11,3,B3+B4+F4,7,1q^2 + 6q^3 + 9q^4 + 8q^5 + 5q^6 + 2q^7 + 1q^8,B3: (2 2 3) -> (3 3 3) ; B4: (2 2 2 3) -> (0 3 3 3) ; F4: (2 2 3 3) -> (3 3 3 0)
24199,12,3,B3+B4+F4,7,1q^3 + 2q^4 + 4q^5 + 3q^6 + 3q^7 + 1q^8 + 1q^9,B3: (3 0 2) -> (3 3 0) ; B4: (2 3 0 2) -> (0 3 3 0) ; F4: (3 0 2 3) -> (3 3 0 0)
24207,12,3,B3+B4+F4,7,2q^3 + 6q^4 + 7q^5 + 6q^6 + 4q^7 + 2q^8 + 1q^9,B3: (3 0 3) -> (3 3 1) ; B4: (2 3 0 3) -> (0 3 3 1) ; F4: (3 0 3 3) -> (3 3 1 0)
25100,4,2,B3+C3,105,1q^3,B3: (0 3 0) -> (2 0 4) ; C3: (0 4 0) -> (4 0 2)
25118,4,2,B3+C3,90,1q^3,B3: (0 3 0) -> (4 0 2) ; C3: (0 5 0) -> (2 0 4)
25284,4,2,B3+C3,36,1q^4,B3: (0 4 0) -> (4 0 4) ; C3: (0 6 0) -> (4 0 4)
40963,4,2,B3+C3,25,1q^4,B3: (0 4 0) -> (2 0 6) ; C3: (0 5 0) -> (6 0 2)
59278,13,3,C3+C4+F4,4,1q^3 + 1q^5 + 1q^7 + 1q^9,C3: (0 0 0) -> (0 0 2) ; C4: (2 0 0 0) -> (0 0 0 2) ; F4: (3 0 0 0) -> (0 2 0 0)
59280,12,3,C3+C4+F4,7,1q^2 + 1q^4,C3: (0 0 0) -> (0 1 0) ; C4: (1 0 0 0) -> (0 0 1 0) ; F4: (1 0 0 0) -> (0 0 1 0)
59284,13,3,C3+C4+F4,5,1q^2 + 2q^4 + 2q^6 + 1q^8,C3: (0 0 0) -> (0 2 0) ; C4: (2 0 0 0) -> (0 0 2 0) ; F4: (2 0 0 0) -> (0 0 2 0)
59288,12,3,C3+C4+F4,3,1q^4 + 3q^6 + 3q^8 + 1q^9 + 2q^10 + 1q^12,C3: (0 0 0) -> (0 3 0) ; C4: (3 0 0 0) -> (0 0 3 0) ; F4: (3 0 0 0) -> (0 0 3 0)
59293,13,3,C3+C4+F4,5,1q^3 + 1q^5 + 1q^6 + 1q^7,C3: (0 0 0) -> (1 0 1) ; C4: (2 0 0 0) -> (0 1 0 1) ; F4: (2 0 0 0) -> (0 1 0 1)
59297,12,3,C3+C4+F4,3,1q^4 + 2q^5 + 2q^6 + 3q^7 + 3q^8 + 2q^9 + 2q^10 + 1q^11,C3: (0 0 0) -> (1 1 1) ; C4: (3 0 0 0) -> (0 1 1 1) ; F4: (3 0 0 0) -> (0 1 1 1)
59308,13,3,C3+C4+F4,6,1q + 1q^3 + 1q^5,C3: (0 0 0) -> (2 0 0) ; C4: (2 0 0 0) -> (0 2 0 0) ; F4: (1 0 0 0) -> (0 0 0 2)
59312,12,3,C3+C4+F4,4,1q^3 + 1q^4 + 2q^5 + 1q^6 + 2q^7 + 1q^8 + 1q^9,C3: (0 0 0) -> (2 1 0) ; C4: (3 0 0 0) -> (0 2 1 0) ; F4: (2 0 0 0) -> (0 0 1 2)
59316,13,2,C3+F4,2,1q^3 + 3q^5 + 1q^6 + 5q^7 + 2q^8 + 5q^9 + 2q^10 + 3q^11 + 1q^12 + 1q^13,C3: (0 0 0) -> (2 2 0) ; F4: (3 0 0 0) -> (0 0 2 2)
59325,13,2,C3+F4,2,1q^4 + 2q^6 + 1q^7 + 3q^8 + 2q^9 + 2q^10 + 1q^11 + 1q^12,C3: (0 0 0) -> (3 0 1) ; F4: (3 0 0 0) -> (0 1 0 3)
59341,14,3,C3+C4+F4,4,1q^3 + 1q^5 + 1q^6 + 1q^7 + 1q^9,C3: (0 0 1) -> (0 0 3) ; C4: (2 0 0 1) -> (0 0 0 3) ; F4: (3 1 0 0) -> (0 3 0 0)
59342,11,3,C3+C4+F4,24,1q^2 + 1q^3 + 1q^4,C3: (0 0 1) -> (0 1 1) ; C4: (1 0 0 1) -> (0 0 1 1) ; F4: (1 1 0 0) -> (0 1 1 0)
59346,14,3,C3+C4+F4,5,1q^2 + 1q^3 + 3q^4 + 2q^5 + 2q^6 + 1q^7 + 1q^8,C3: (0 0 1) -> (0 2 1) ; C4: (2 0 0 1) -> (0 0 2 1) ; F4: (2 1 0 0) -> (0 1 2 0)
59350,14,3,C3+C4+F4,3,1q^4 + 2q^5 + 5q^6 + 4q^7 + 4q^8 + 3q^9 + 2q^10 + 1q^11 + 1q^12,C3: (0 0 1) -> (0 3 1) ; C4: (3 0 0 1) -> (0 0 3 1) ; F4: (3 1 0 0) -> (0 1 3 0)
59353,14,3,C3+C4+F4,5,1q^3 + 1q^4 + 2q^5 + 1q^6 + 1q^7,C3: (0 0 1) -> (1 0 2) ; C4: (2 0 0 1) -> (0 1 0 2) ; F4: (2 1 0 0) -> (0 2 0 1)
59355,4,3,C3+C4+F4,513,1q + 1q^2,C3: (0 0 1) -> (1 1 0) ; C4: (0 0 1 0) -> (1 1 0 0) ; F4: (0 1 0 0) -> (0 0 1 1)
59357,14,3,C3+C4+F4,3,2q^4 + 4q^5 + 5q^6 + 5q^7 + 4q^8 + 3q^9 + 2q^10 + 1q^11,C3: (0 0 1) -> (1 1 2) ; C4: (3 0 0 1) -> (0 1 1 2) ; F4: (3 1 0 0) -> (0 2 1 1)
59359,14,3,C3+C4+F4,6,1q^2 + 2q^3 + 2q^4 + 1q^5 + 1q^6,C3: (0 0 1) -> (1 2 0) ; C4: (2 0 0 1) -> (0 1 2 0) ; F4: (1 1 0 0) -> (0 0 2 1)
59363,14,3,C3+C4+F4,4,1q^3 + 2q^4 + 4q^5 + 4q^6 + 3q^7 + 2q^8 + 1q^9 + 1q^10,C3: (0 0 1) -> (1 3 0) ; C4: (3 0 0 1) -> (0 1 3 0) ; F4: (2 1 0 0) -> (0 0 3 1)
59367,12,3,C3+C4+F4,21,1q + 1q^2 + 2q^3 + 1q^4 + 1q^5,C3: (0 0 1) -> (2 0 1) ; C4: (2 0 0 1) -> (0 2 0 1) ; F4: (1 1 0 0) -> (0 1 0 2)
59371,14,3,C3+C4+F4,4,2q^3 + 4q^4 + 5q^5 + 4q^6 + 3q^7 + 2q^8 + 1q^9,C3: (0 0 1) -> (2 1 1) ; C4: (3 0 0 1) -> (0 2 1 1) ; F4: (2 1 0 0) -> (0 1 1 2)
59375,14,2,C3+F4,2,1q^3 + 2q^4 + 6q^5 + 8q^6 + 11q^7 + 9q^8 + 8q^9 + 5q^10 + 4q^11 + 2q^12 + 1q^13,C3: (0 0 1) -> (2 2 1) ; F4: (3 1 0 0) -> (0 1 2 2)
59382,5,3,C3+C4+F4,96,1q^3,C3: (0 0 1) -> (3 0 0) ; C4: (0 0 1 0) -> (3 0 0 0) ; F4: (0 1 0 0) -> (0 0 0 3)
59384,14,2,C3+F4,2,1q^4 + 2q^5 + 5q^6 + 4q^7 + 5q^8 + 3q^9 + 3q^10 + 1q^11 + 1q^12,C3: (0 0 1) -> (3 0 2) ; F4: (3 1 0 0) -> (0 2 0 3)
59386,14,3,C3+C4+F4,5,1q^2 + 1q^3 + 2q^4 + 2q^5 + 1q^6 + 1q^7,C3: (0 0 1) -> (3 1 0) ; C4: (3 0 0 1) -> (0 3 1 0) ; F4: (1 1 0 0) -> (0 0 1 3)
59390,14,2,C3+F4,3,1q^3 + 2q^4 + 4q^5 + 4q^6 + 5q^7 + 3q^8 + 3q^9 + 1q^10 + 1q^11,C3: (0 0 1) -> (3 2 0) ; F4: (2 1 0 0) -> (0 0 2 3)
59394,13,2,C3+F4,2,1q^4 + 2q^5 + 6q^6 + 7q^7 + 9q^8 + 9q^9 + 7q^10 + 6q^11 + 4q^12 + 3q^13 + 1q^14 + 1q^15,C3: (0 0 1) -> (3 3 0) ; F4: (3 1 0 0) -> (0 0 3 3)
59399,14,3,C3+C4+F4,5,1q^2 + 1q^3 + 3q^4 + 2q^5 + 3q^6 + 1q^7 + 1q^8,C3: (0 0 2) -> (0 2 2) ; C4: (2 0 0 2) -> (0 0 2 2) ; F4: (2 2 0 0) -> (0 2 2 0)
59402,14,3,C3+C4+F4,3,1q^4 + 2q^5 + 6q^6 + 5q^7 + 6q^8 + 3q^9 + 3q^10 + 1q^11 + 1q^12,C3: (0 0 2) -> (0 3 2) ; C4: (3 0 0 2) -> (0 0 3 2) ; F4: (3 2 0 0) -> (0 2 3 0)
59404,12,3,C3+C4+F4,8,1q^3 + 1q^4 + 2q^5 + 1q^6 + 1q^7,C3: (0 0 2) -> (1 0 3) ; C4: (2 0 0 2) -> (0 1 0 3) ; F4: (2 2 0 0) -> (0 3 0 1)
59406,14,3,C3+C4+F4,3,2q^4 + 4q^5 + 5q^6 + 6q^7 + 5q^8 + 3q^9 + 2q^10 + 1q^11,C3: (0 0 2) -> (1 1 3) ; C4: (3 0 0 2) -> (0 1 1 3) ; F4: (3 2 0 0) -> (0 3 1 1)
59407,12,3,C3+C4+F4,15,1q^2 + 2q^3 + 3q^4 + 2q^5 + 1q^6,C3: (0 0 2) -> (1 2 1) ; C4: (2 0 0 2) -> (0 1 2 1) ; F4: (1 2 0 0) -> (0 1 2 1)
59411,14,3,C3+C4+F4,4,1q^3 + 3q^4 + 6q^5 + 7q^6 + 5q^7 + 3q^8 + 2q^9 + 1q^10,C3: (0 0 2) -> (1 3 1) ; C4: (3 0 0 2) -> (0 1 3 1) ; F4: (2 2 0 0) -> (0 1 3 1)
59415,14,3,C3+C4+F4,4,2q^3 + 4q^4 + 6q^5 + 5q^6 + 4q^7 + 2q^8 + 1q^9,C3: (0 0 2) -> (2 1 2) ; C4: (3 0 0 2) -> (0 2 1 2) ; F4: (2 2 0 0) -> (0 2 1 2)
59417,6,3,C3+C4+F4,25,1q^2 + 1q^3 + 1q^4,C3: (0 0 2) -> (2 2 0) ; C4: (0 0 2 0) -> (2 2 0 0) ; F4: (0 2 0 0) -> (0 0 2 2)
59419,14,2,C3+F4,2,1q^3 + 2q^4 + 7q^5 + 10q^6 + 15q^7 + 12q^8 + 11q^9 + 6q^10 + 5q^11 + 2q^12 + 1q^13,C3: (0 0 2) -> (2 2 2) ; F4: (3 2 0 0) -> (0 2 2 2)
59421,14,3,C3+C4+F4,5,1q^3 + 3q^4 + 3q^5 + 3q^6 + 1q^7 + 1q^8,C3: (0 0 2) -> (2 3 0) ; C4: (3 0 0 2) -> (0 2 3 0) ; F4: (1 2 0 0) -> (0 0 3 2)
59426,14,2,C3+F4,2,1q^4 + 2q^5 + 6q^6 + 5q^7 + 6q^8 + 4q^9 + 3q^10 + 1q^11 + 1q^12,C3: (0 0 2) -> (3 0 3) ; F4: (3 2 0 0) -> (0 3 0 3)
59427,12,3,C3+C4+F4,13,1q^2 + 2q^3 + 3q^4 + 3q^5 + 2q^6 + 1q^7,C3: (0 0 2) -> (3 1 1) ; C4: (3 0 0 2) -> (0 3 1 1) ; F4: (1 2 0 0) -> (0 1 1 3)
59431,14,2,C3+F4,3,1q^3 + 3q^4 + 7q^5 + 8q^6 + 9q^7 + 6q^8 + 4q^9 + 2q^10 + 1q^11,C3: (0 0 2) -> (3 2 1) ; F4: (2 2 0 0) -> (0 1 2 3)
59435,14,2,C3+F4,2,1q^4 + 4q^5 + 10q^6 + 15q^7 + 18q^8 + 18q^9 + 14q^10 + 10q^11 + 7q^12 + 4q^13 + 2q^14 + 1q^15,C3: (0 0 2) -> (3 3 1) ; F4: (3 2 0 0) -> (0 1 3 3)
59438,12,3,C3+C4+F4,8,1q^2 + 1q^3 + 3q^4 + 2q^5 + 3q^6 + 1q^7 + 1q^8,C3: (0 0 3) -> (0 2 3) ; C4: (2 0 0 3) -> (0 0 2 3) ; F4: (2 3 0 0) -> (0 3 2 0)
59440,14,3,C3+C4+F4,3,1q^4 + 2q^5 + 6q^6 + 5q^7 + 6q^8 + 4q^9 + 3q^10 + 1q^11 + 1q^12,C3: (0 0 3) -> (0 3 3) ; C4: (3 0 0 3) -> (0 0 3 3) ; F4: (3 3 0 0) -> (0 3 3 0)
59442,14,3,C3+C4+F4,4,1q^3 + 3q^4 + 6q^5 + 7q^6 + 6q^7 + 4q^8 + 2q^9 + 1q^10,C3: (0 0 3) -> (1 3 2) ; C4: (3 0 0 3) -> (0 1 3 2) ; F4: (2 3 0 0) -> (0 2 3 1)
59444,12,3,C3+C4+F4,7,2q^3 + 4q^4 + 6q^5 + 5q^6 + 4q^7 + 2q^8 + 1q^9,C3: (0 0 3) -> (2 1 3) ; C4: (3 0 0 3) -> (0 2 1 3) ; F4: (2 3 0 0) -> (0 3 1 2)
59446,14,2,C3+F4,2,1q^3 + 2q^4 + 7q^5 + 10q^6 + 15q^7 + 13q^8 + 12q^9 + 7q^10 + 5q^11 + 2q^12 + 1q^13,C3: (0 0 3) -> (2 2 3) ; F4: (3 3 0 0) -> (0 3 2 2)
59447,12,3,C3+C4+F4,8,1q^3 + 3q^4 + 4q^5 + 4q^6 + 2q^7 + 1q^8,C3: (0 0 3) -> (2 3 1) ; C4: (3 0 0 3) -> (0 2 3 1) ; F4: (1 3 0 0) -> (0 1 3 2)
59451,14,2,C3+F4,3,1q^3 + 3q^4 + 7q^5 + 9q^6 + 10q^7 + 7q^8 + 5q^9 + 2q^10 + 1q^11,C3: (0 0 3) -> (3 2 2) ; F4: (2 3 0 0) -> (0 2 2 3)
59453,6,3,C3+C4+F4,13,1q^3 + 1q^4 + 1q^5 + 1q^6,C3: (0 0 3) -> (3 3 0) ; C4: (0 0 3 0) -> (3 3 0 0) ; F4: (0 3 0 0) -> (0 0 3 3)
59455,14,2,C3+F4,2,1q^4 + 4q^5 + 11q^6 + 17q^7 + 22q^8 + 22q^9 + 18q^10 + 13q^11 + 8q^12 + 5q^13 + 2q^14 + 1q^15,C3: (0 0 3) -> (3 3 2) ; F4: (3 3 0 0) -> (0 2 3 3)
59457,12,3,C3+C4+F4,6,1q^3 + 1q^5,C3: (0 1 0) -> (0 0 2) ; C4: (1 0 1 0) -> (0 0 0 2) ; F4: (2 0 1 0) -> (0 2 0 0)
59460,12,3,C3+C4+F4,4,1q^3 + 1q^4 + 3q^5 + 1q^6 + 2q^7 + 1q^8 + 1q^9,C3: (0 1 0) -> (0 1 2) ; C4: (2 0 1 0) -> (0 0 1 2) ; F4: (3 0 1 0) -> (0 2 1 0)
59462,12,3,C3+C4+F4,7,2q^2 + 1q^4,C3: (0 1 0) -> (0 2 0) ; C4: (1 0 1 0) -> (0 0 2 0) ; F4: (1 0 1 0) -> (0 0 2 0)
59466,11,3,C3+C4+F4,5,1q^2 + 3q^4 + 1q^5 + 2q^6 + 1q^8,C3: (0 1 0) -> (0 3 0) ; C4: (2 0 1 0) -> (0 0 3 0) ; F4: (2 0 1 0) -> (0 0 3 0)
59470,9,3,C3+C4+F4,90,1q + 1q^2 + 1q^3,C3: (0 1 0) -> (1 0 1) ; C4: (1 0 1 0) -> (0 1 0 1) ; F4: (1 0 1 0) -> (0 1 0 1)
59474,11,3,C3+C4+F4,5,1q^2 + 3q^3 + 3q^4 + 2q^5 + 2q^6 + 1q^7,C3: (0 1 0) -> (1 1 1) ; C4: (2 0 1 0) -> (0 1 1 1) ; F4: (2 0 1 0) -> (0 1 1 1)
59478,13,3,C3+C4+F4,3,1q^3 + 3q^4 + 6q^5 + 6q^6 + 6q^7 + 4q^8 + 3q^9 + 2q^10 + 1q^11,C3: (0 1 0) -> (1 2 1) ; C4: (3 0 1 0) -> (0 1 2 1) ; F4: (3 0 1 0) -> (0 1 2 1)
59486,13,3,C3+C4+F4,3,3q^4 + 2q^5 + 4q^6 + 2q^7 + 3q^8 + 1q^9 + 1q^10,C3: (0 1 0) -> (2 0 2) ; C4: (3 0 1 0) -> (0 2 0 2) ; F4: (3 0 1 0) -> (0 2 0 2)
59488,11,3,C3+C4+F4,6,1q + 1q^2 + 2q^3 + 1q^4 + 1q^5,C3: (0 1 0) -> (2 1 0) ; C4: (2 0 1 0) -> (0 2 1 0) ; F4: (1 0 1 0) -> (0 0 1 2)
59492,12,3,C3+C4+F4,4,3q^3 + 2q^4 + 5q^5 + 2q^6 + 3q^7 + 1q^8 + 1q^9,C3: (0 1 0) -> (2 2 0) ; C4: (3 0 1 0) -> (0 2 2 0) ; F4: (2 0 1 0) -> (0 0 2 2)
59496,12,2,C3+F4,2,1q^3 + 1q^4 + 5q^5 + 5q^6 + 8q^7 + 5q^8 + 6q^9 + 3q^10 + 3q^11 + 1q^12 + 1q^13,C3: (0 1 0) -> (2 3 0) ; F4: (3 0 1 0) -> (0 0 3 2)
59501,12,3,C3+C4+F4,4,1q^2 + 1q^3 + 3q^4 + 2q^5 + 2q^6 + 1q^7 + 1q^8,C3: (0 1 0) -> (3 0 1) ; C4: (3 0 1 0) -> (0 3 0 1) ; F4: (2 0 1 0) -> (0 1 0 3)
59505,12,2,C3+F4,2,1q^3 + 3q^4 + 5q^5 + 7q^6 + 7q^7 + 6q^8 + 5q^9 + 3q^10 + 2q^11 + 1q^12,C3: (0 1 0) -> (3 1 1) ; F4: (3 0 1 0) -> (0 1 1 3)
59516,11,3,C3+C4+F4,9,1q^3 + 1q^5,C3: (0 1 1) -> (0 0 3) ; C4: (1 0 1 1) -> (0 0 0 3) ; F4: (2 1 1 0) -> (0 3 0 0)
59518,13,3,C3+C4+F4,4,1q^3 + 1q^4 + 3q^5 + 2q^6 + 2q^7 + 1q^8 + 1q^9,C3: (0 1 1) -> (0 1 3) ; C4: (2 0 1 1) -> (0 0 1 3) ; F4: (3 1 1 0) -> (0 3 1 0)
59519,11,3,C3+C4+F4,24,2q^2 + 1q^3 + 1q^4,C3: (0 1 1) -> (0 2 1) ; C4: (1 0 1 1) -> (0 0 2 1) ; F4: (1 1 1 0) -> (0 1 2 0)
59523,12,3,C3+C4+F4,5,1q^2 + 1q^3 + 4q^4 + 3q^5 + 2q^6 + 1q^7 + 1q^8,C3: (0 1 1) -> (0 3 1) ; C4: (2 0 1 1) -> (0 0 3 1) ; F4: (2 1 1 0) -> (0 1 3 0)
59527,12,3,C3+C4+F4,5,1q^2 + 3q^3 + 4q^4 + 3q^5 + 2q^6 + 1q^7,C3: (0 1 1) -> (1 1 2) ; C4: (2 0 1 1) -> (0 1 1 2) ; F4: (2 1 1 0) -> (0 2 1 1)
59530,14,3,C3+C4+F4,3,1q^3 + 4q^4 + 8q^5 + 9q^6 + 8q^7 + 5q^8 + 4q^9 + 2q^10 + 1q^11,C3: (0 1 1) -> (1 2 2) ; C4: (3 0 1 1) -> (0 1 2 2) ; F4: (3 1 1 0) -> (0 2 2 1)
59532,12,3,C3+C4+F4,6,1q^2 + 3q^3 + 2q^4 + 1q^5 + 1q^6,C3: (0 1 1) -> (1 3 0) ; C4: (2 0 1 1) -> (0 1 3 0) ; F4: (1 1 1 0) -> (0 0 3 1)
59537,14,3,C3+C4+F4,3,3q^4 + 3q^5 + 5q^6 + 3q^7 + 3q^8 + 1q^9 + 1q^10,C3: (0 1 1) -> (2 0 3) ; C4: (3 0 1 1) -> (0 2 0 3) ; F4: (3 1 1 0) -> (0 3 0 2)
59538,10,3,C3+C4+F4,21,1q + 2q^2 + 3q^3 + 2q^4 + 1q^5,C3: (0 1 1) -> (2 1 1) ; C4: (2 0 1 1) -> (0 2 1 1) ; F4: (1 1 1 0) -> (0 1 1 2)
59542,13,3,C3+C4+F4,4,4q^3 + 6q^4 + 8q^5 + 5q^6 + 4q^7 + 2q^8 + 1q^9,C3: (0 1 1) -> (2 2 1) ; C4: (3 0 1 1) -> (0 2 2 1) ; F4: (2 1 1 0) -> (0 1 2 2)
59546,14,2,C3+F4,2,1q^3 + 3q^4 + 9q^5 + 13q^6 + 15q^7 + 12q^8 + 9q^9 + 6q^10 + 4q^11 + 2q^12 + 1q^13,C3: (0 1 1) -> (2 3 1) ; F4: (3 1 1 0) -> (0 1 3 2)
59549,13,3,C3+C4+F4,4,1q^2 + 2q^3 + 4q^4 + 3q^5 + 3q^6 + 1q^7 + 1q^8,C3: (0 1 1) -> (3 0 2) ; C4: (3 0 1 1) -> (0 3 0 2) ; F4: (2 1 1 0) -> (0 2 0 3)
59551,4,3,C3+C4+F4,420,1q^2 + 1q^3,C3: (0 1 1) -> (3 1 0) ; C4: (0 1 1 0) -> (3 1 0 0) ; F4: (0 1 1 0) -> (0 0 1 3)
59553,14,2,C3+F4,2,1q^3 + 4q^4 + 9q^5 + 11q^6 + 11q^7 + 9q^8 + 6q^9 + 4q^10 + 2q^11 + 1q^12,C3: (0 1 1) -> (3 1 2) ; F4: (3 1 1 0) -> (0 2 1 3)
59555,13,3,C3+C4+F4,5,1q^2 + 2q^3 + 3q^4 + 3q^5 + 1q^6 + 1q^7,C3: (0 1 1) -> (3 2 0) ; C4: (3 0 1 1) -> (0 3 2 0) ; F4: (1 1 1 0) -> (0 0 2 3)
59559,13,2,C3+F4,3,1q^3 + 4q^4 + 5q^5 + 7q^6 + 6q^7 + 4q^8 + 3q^9 + 1q^10 + 1q^11,C3: (0 1 1) -> (3 3 0) ; F4: (2 1 1 0) -> (0 0 3 3)
59564,12,3,C3+C4+F4,5,1q^2 + 1q^3 + 4q^4 + 3q^5 + 3q^6 + 1q^7 + 1q^8,C3: (0 1 2) -> (0 3 2) ; C4: (2 0 1 2) -> (0 0 3 2) ; F4: (2 2 1 0) -> (0 2 3 0)
59566,10,3,C3+C4+F4,8,1q^2 + 3q^3 + 4q^4 + 3q^5 + 2q^6 + 1q^7,C3: (0 1 2) -> (1 1 3) ; C4: (2 0 1 2) -> (0 1 1 3) ; F4: (2 2 1 0) -> (0 3 1 1)
59568,14,3,C3+C4+F4,3,1q^3 + 4q^4 + 8q^5 + 9q^6 + 9q^7 + 6q^8 + 4q^9 + 2q^10 + 1q^11,C3: (0 1 2) -> (1 2 3) ; C4: (3 0 1 2) -> (0 1 2 3) ; F4: (3 2 1 0) -> (0 3 2 1)
59569,10,3,C3+C4+F4,15,1q^2 + 3q^3 + 3q^4 + 2q^5 + 1q^6,C3: (0 1 2) -> (1 3 1) ; C4: (2 0 1 2) -> (0 1 3 1) ; F4: (1 2 1 0) -> (0 1 3 1)
59573,13,3,C3+C4+F4,4,4q^3 + 6q^4 + 9q^5 + 6q^6 + 5q^7 + 2q^8 + 1q^9,C3: (0 1 2) -> (2 2 2) ; C4: (3 0 1 2) -> (0 2 2 2) ; F4: (2 2 1 0) -> (0 2 2 2)
59575,5,3,C3+C4+F4,80,1q^2 + 1q^3 + 1q^4,C3: (0 1 2) -> (2 3 0) ; C4: (0 1 2 0) -> (2 3 0 0) ; F4: (0 2 0 1) -> (0 0 2 3)
59577,14,2,C3+F4,2,1q^3 + 3q^4 + 10q^5 + 15q^6 + 19q^7 + 15q^8 + 12q^9 + 7q^10 + 5q^11 + 2q^12 + 1q^13,C3: (0 1 2) -> (2 3 2) ; F4: (3 2 1 0) -> (0 2 3 2)
59579,11,3,C3+C4+F4,7,1q^2 + 2q^3 + 4q^4 + 3q^5 + 3q^6 + 1q^7 + 1q^8,C3: (0 1 2) -> (3 0 3) ; C4: (3 0 1 2) -> (0 3 0 3) ; F4: (2 2 1 0) -> (0 3 0 3)
59581,14,2,C3+F4,2,1q^3 + 4q^4 + 9q^5 + 12q^6 + 12q^7 + 10q^8 + 7q^9 + 4q^10 + 2q^11 + 1q^12,C3: (0 1 2) -> (3 1 3) ; F4: (3 2 1 0) -> (0 3 1 3)
59582,11,3,C3+C4+F4,13,1q^2 + 3q^3 + 4q^4 + 4q^5 + 2q^6 + 1q^7,C3: (0 1 2) -> (3 2 1) ; C4: (3 0 1 2) -> (0 3 2 1) ; F4: (1 2 1 0) -> (0 1 2 3)
59586,13,2,C3+F4,3,1q^3 + 5q^4 + 9q^5 + 11q^6 + 10q^7 + 7q^8 + 4q^9 + 2q^10 + 1q^11,C3: (0 1 2) -> (3 3 1) ; F4: (2 2 1 0) -> (0 1 3 3)
59589,10,3,C3+C4+F4,8,1q^2 + 1q^3 + 4q^4 + 3q^5 + 3q^6 + 1q^7 + 1q^8,C3: (0 1 3) -> (0 3 3) ; C4: (2 0 1 3) -> (0 0 3 3) ; F4: (2 3 1 0) -> (0 3 3 0)
59591,11,3,C3+C4+F4,7,4q^3 + 6q^4 + 9q^5 + 6q^6 + 5q^7 + 2q^8 + 1q^9,C3: (0 1 3) -> (2 2 3) ; C4: (3 0 1 3) -> (0 2 2 3) ; F4: (2 3 1 0) -> (0 3 2 2)
59593,14,2,C3+F4,2,1q^3 + 3q^4 + 10q^5 + 15q^6 + 19q^7 + 16q^8 + 13q^9 + 8q^10 + 5q^11 + 2q^12 + 1q^13,C3: (0 1 3) -> (2 3 3) ; F4: (3 3 1 0) -> (0 3 3 2)
59595,13,2,C3+F4,3,1q^3 + 5q^4 + 9q^5 + 12q^6 + 11q^7 + 8q^8 + 5q^9 + 2q^10 + 1q^11,C3: (0 1 3) -> (3 3 2) ; F4: (2 3 1 0) -> (0 2 3 3)
59598,13,3,C3+C4+F4,6,2q^3 + 1q^4 + 1q^5,C3: (0 2 0) -> (0 1 2) ; C4: (1 0 2 0) -> (0 0 1 2) ; F4: (2 0 2 0) -> (0 2 1 0)
59601,13,3,C3+C4+F4,4,2q^3 + 2q^4 + 5q^5 + 2q^6 + 3q^7 + 1q^8 + 1q^9,C3: (0 2 0) -> (0 2 2) ; C4: (2 0 2 0) -> (0 0 2 2) ; F4: (3 0 2 0) -> (0 2 2 0)
59603,11,3,C3+C4+F4,10,2q^2 + 1q^4,C3: (0 2 0) -> (0 3 0) ; C4: (1 0 2 0) -> (0 0 3 0) ; F4: (1 0 2 0) -> (0 0 3 0)
59608,13,3,C3+C4+F4,4,2q^4 + 2q^5 + 2q^6 + 1q^7 + 1q^8,C3: (0 2 0) -> (1 0 3) ; C4: (2 0 2 0) -> (0 1 0 3) ; F4: (3 0 2 0) -> (0 3 0 1)
59609,8,3,C3+C4+F4,288,1q + 2q^2 + 1q^3,C3: (0 2 0) -> (1 1 1) ; C4: (1 0 2 0) -> (0 1 1 1) ; F4: (1 0 2 0) -> (0 1 1 1)
59612,13,3,C3+C4+F4,5,1q^2 + 4q^3 + 4q^4 + 3q^5 + 2q^6 + 1q^7,C3: (0 2 0) -> (1 2 1) ; C4: (2 0 2 0) -> (0 1 2 1) ; F4: (2 0 2 0) -> (0 1 2 1)
59616,12,3,C3+C4+F4,3,1q^3 + 4q^4 + 8q^5 + 9q^6 + 7q^7 + 5q^8 + 3q^9 + 2q^10 + 1q^11,C3: (0 2 0) -> (1 3 1) ; C4: (3 0 2 0) -> (0 1 3 1) ; F4: (3 0 2 0) -> (0 1 3 1)
59620,13,3,C3+C4+F4,5,2q^2 + 2q^3 + 3q^4 + 1q^5 + 1q^6,C3: (0 2 0) -> (2 0 2) ; C4: (2 0 2 0) -> (0 2 0 2) ; F4: (2 0 2 0) -> (0 2 0 2)
59623,12,3,C3+C4+F4,3,1q^3 + 6q^4 + 7q^5 + 8q^6 + 5q^7 + 4q^8 + 2q^9 + 1q^10,C3: (0 2 0) -> (2 1 2) ; C4: (3 0 2 0) -> (0 2 1 2) ; F4: (3 0 2 0) -> (0 2 1 2)
59625,13,3,C3+C4+F4,6,1q + 1q^2 + 3q^3 + 1q^4 + 1q^5,C3: (0 2 0) -> (2 2 0) ; C4: (2 0 2 0) -> (0 2 2 0) ; F4: (1 0 2 0) -> (0 0 2 2)
59629,12,3,C3+C4+F4,4,3q^3 + 3q^4 + 6q^5 + 3q^6 + 3q^7 + 1q^8 + 1q^9,C3: (0 2 0) -> (2 3 0) ; C4: (3 0 2 0) -> (0 2 3 0) ; F4: (2 0 2 0) -> (0 0 3 2)
59633,10,3,C3+C4+F4,39,1q^2 + 1q^3 + 1q^4,C3: (0 2 0) -> (3 0 1) ; C4: (2 0 2 0) -> (0 3 0 1) ; F4: (1 0 2 0) -> (0 1 0 3)
59637,12,3,C3+C4+F4,4,1q^2 + 3q^3 + 5q^4 + 5q^5 + 3q^6 + 2q^7 + 1q^8,C3: (0 2 0) -> (3 1 1) ; C4: (3 0 2 0) -> (0 3 1 1) ; F4: (2 0 2 0) -> (0 1 1 3)
59641,13,2,C3+F4,2,1q^3 + 5q^4 + 8q^5 + 12q^6 + 11q^7 + 9q^8 + 6q^9 + 4q^10 + 2q^11 + 1q^12,C3: (0 2 0) -> (3 2 1) ; F4: (3 0 2 0) -> (0 1 2 3)
59648,12,3,C3+C4+F4,9,2q^3 + 1q^4 + 1q^5,C3: (0 2 1) -> (0 1 3) ; C4: (1 0 2 1) -> (0 0 1 3) ; F4: (2 1 2 0) -> (0 3 1 0)
59650,14,3,C3+C4+F4,4,2q^3 + 2q^4 + 5q^5 + 3q^6 + 3q^7 + 1q^8 + 1q^9,C3: (0 2 1) -> (0 2 3) ; C4: (2 0 2 1) -> (0 0 2 3) ; F4: (3 1 2 0) -> (0 3 2 0)
59651,10,3,C3+C4+F4,42,2q^2 + 1q^3 + 1q^4,C3: (0 2 1) -> (0 3 1) ; C4: (1 0 2 1) -> (0 0 3 1) ; F4: (1 1 2 0) -> (0 1 3 0)
59655,14,3,C3+C4+F4,5,1q^2 + 4q^3 + 5q^4 + 4q^5 + 2q^6 + 1q^7,C3: (0 2 1) -> (1 2 2) ; C4: (2 0 2 1) -> (0 1 2 2) ; F4: (2 1 2 0) -> (0 2 2 1)
59658,13,3,C3+C4+F4,3,1q^3 + 5q^4 + 10q^5 + 12q^6 + 9q^7 + 6q^8 + 4q^9 + 2q^10 + 1q^11,C3: (0 2 1) -> (1 3 2) ; C4: (3 0 2 1) -> (0 1 3 2) ; F4: (3 1 2 0) -> (0 2 3 1)
59660,12,3,C3+C4+F4,8,2q^2 + 2q^3 + 3q^4 + 1q^5 + 1q^6,C3: (0 2 1) -> (2 0 3) ; C4: (2 0 2 1) -> (0 2 0 3) ; F4: (2 1 2 0) -> (0 3 0 2)
59662,13,3,C3+C4+F4,3,1q^3 + 6q^4 + 8q^5 + 9q^6 + 6q^7 + 4q^8 + 2q^9 + 1q^10,C3: (0 2 1) -> (2 1 3) ; C4: (3 0 2 1) -> (0 2 1 3) ; F4: (3 1 2 0) -> (0 3 1 2)
59663,12,3,C3+C4+F4,21,1q + 2q^2 + 4q^3 + 2q^4 + 1q^5,C3: (0 2 1) -> (2 2 1) ; C4: (2 0 2 1) -> (0 2 2 1) ; F4: (1 1 2 0) -> (0 1 2 2)
59667,13,3,C3+C4+F4,4,4q^3 + 7q^4 + 9q^5 + 6q^6 + 4q^7 + 2q^8 + 1q^9,C3: (0 2 1) -> (2 3 1) ; C4: (3 0 2 1) -> (0 2 3 1) ; F4: (2 1 2 0) -> (0 1 3 2)
59671,13,3,C3+C4+F4,4,1q^2 + 4q^3 + 6q^4 + 6q^5 + 4q^6 + 2q^7 + 1q^8,C3: (0 2 1) -> (3 1 2) ; C4: (3 0 2 1) -> (0 3 1 2) ; F4: (2 1 2 0) -> (0 2 1 3)
59674,14,2,C3+F4,2,1q^3 + 6q^4 + 12q^5 + 16q^6 + 15q^7 + 12q^8 + 7q^9 + 5q^10 + 2q^11 + 1q^12,C3: (0 2 1) -> (3 2 2) ; F4: (3 1 2 0) -> (0 2 2 3)
59676,13,3,C3+C4+F4,5,1q^2 + 2q^3 + 4q^4 + 3q^5 + 1q^6 + 1q^7,C3: (0 2 1) -> (3 3 0) ; C4: (3 0 2 1) -> (0 3 3 0) ; F4: (1 1 2 0) -> (0 0 3 3)
59681,12,3,C3+C4+F4,8,1q^2 + 4q^3 + 5q^4 + 4q^5 + 2q^6 + 1q^7,C3: (0 2 2) -> (1 2 3) ; C4: (2 0 2 2) -> (0 1 2 3) ; F4: (2 2 2 0) -> (0 3 2 1)
59683,13,3,C3+C4+F4,3,1q^3 + 5q^4 + 10q^5 + 12q^6 + 10q^7 + 7q^8 + 4q^9 + 2q^10 + 1q^11,C3: (0 2 2) -> (1 3 3) ; C4: (3 0 2 2) -> (0 1 3 3) ; F4: (3 2 2 0) -> (0 3 3 1)
59685,13,3,C3+C4+F4,4,4q^3 + 7q^4 + 10q^5 + 7q^6 + 5q^7 + 2q^8 + 1q^9,C3: (0 2 2) -> (2 3 2) ; C4: (3 0 2 2) -> (0 2 3 2) ; F4: (2 2 2 0) -> (0 2 3 2)
59687,11,3,C3+C4+F4,7,1q^2 + 4q^3 + 6q^4 + 6q^5 + 4q^6 + 2q^7 + 1q^8,C3: (0 2 2) -> (3 1 3) ; C4: (3 0 2 2) -> (0 3 1 3) ; F4: (2 2 2 0) -> (0 3 1 3)
59689,14,2,C3+F4,2,1q^3 + 6q^4 + 12q^5 + 17q^6 + 16q^7 + 13q^8 + 8q^9 + 5q^10 + 2q^11 + 1q^12,C3: (0 2 2) -> (3 2 3) ; F4: (3 2 2 0) -> (0 3 2 3)
59690,11,3,C3+C4+F4,13,1q^2 + 3q^3 + 5q^4 + 4q^5 + 2q^6 + 1q^7,C3: (0 2 2) -> (3 3 1) ; C4: (3 0 2 2) -> (0 3 3 1) ; F4: (1 2 2 0) -> (0 1 3 3)
59693,11,3,C3+C4+F4,7,4q^3 + 7q^4 + 10q^5 + 7q^6 + 5q^7 + 2q^8 + 1q^9,C3: (0 2 3) -> (2 3 3) ; C4: (3 0 2 3) -> (0 2 3 3) ; F4: (2 3 2 0) -> (0 3 3 2)
59696,12,3,C3+C4+F4,6,3q^3 + 1q^4 + 1q^5,C3: (0 3 0) -> (0 2 2) ; C4: (1 0 3 0) -> (0 0 2 2) ; F4: (2 0 3 0) -> (0 2 2 0)
59699,12,3,C3+C4+F4,4,2q^3 + 2q^4 + 6q^5 + 3q^6 + 3q^7 + 1q^8 + 1q^9,C3: (0 3 0) -> (0 3 2) ; C4: (2 0 3 0) -> (0 0 3 2) ; F4: (3 0 3 0) -> (0 2 3 0)
59701,9,3,C3+C4+F4,39,1q^2 + 1q^3 + 1q^4,C3: (0 3 0) -> (1 0 3) ; C4: (1 0 3 0) -> (0 1 0 3) ; F4: (2 0 3 0) -> (0 3 0 1)
59703,12,3,C3+C4+F4,4,1q^3 + 4q^4 + 5q^5 + 3q^6 + 2q^7 + 1q^8,C3: (0 3 0) -> (1 1 3) ; C4: (2 0 3 0) -> (0 1 1 3) ; F4: (3 0 3 0) -> (0 3 1 1)
59706,12,3,C3+C4+F4,5,1q^2 + 4q^3 + 5q^4 + 3q^5 + 2q^6 + 1q^7,C3: (0 3 0) -> (1 3 1) ; C4: (2 0 3 0) -> (0 1 3 1) ; F4: (2 0 3 0) -> (0 1 3 1)
59710,12,3,C3+C4+F4,5,2q^2 + 3q^3 + 4q^4 + 2q^5 + 1q^6,C3: (0 3 0) -> (2 1 2) ; C4: (2 0 3 0) -> (0 2 1 2) ; F4: (2 0 3 0) -> (0 2 1 2)
59713,12,3,C3+C4+F4,3,1q^3 + 8q^4 + 9q^5 + 11q^6 + 6q^7 + 5q^8 + 2q^9 + 1q^10,C3: (0 3 0) -> (2 2 2) ; C4: (3 0 3 0) -> (0 2 2 2) ; F4: (3 0 3 0) -> (0 2 2 2)
59715,11,3,C3+C4+F4,9,1q + 1q^2 + 3q^3 + 1q^4 + 1q^5,C3: (0 3 0) -> (2 3 0) ; C4: (2 0 3 0) -> (0 2 3 0) ; F4: (1 0 3 0) -> (0 0 3 2)
59720,12,3,C3+C4+F4,3,2q^3 + 3q^4 + 5q^5 + 4q^6 + 3q^7 + 1q^8 + 1q^9,C3: (0 3 0) -> (3 0 3) ; C4: (3 0 3 0) -> (0 3 0 3) ; F4: (3 0 3 0) -> (0 3 0 3)
59721,8,3,C3+C4+F4,111,1q^2 + 2q^3 + 1q^4,C3: (0 3 0) -> (3 1 1) ; C4: (2 0 3 0) -> (0 3 1 1) ; F4: (1 0 3 0) -> (0 1 1 3)
59724,12,3,C3+C4+F4,4,1q^2 + 3q^3 + 6q^4 + 6q^5 + 4q^6 + 2q^7 + 1q^8,C3: (0 3 0) -> (3 2 1) ; C4: (3 0 3 0) -> (0 3 2 1) ; F4: (2 0 3 0) -> (0 1 2 3)
59728,11,2,C3+F4,2,1q^3 + 5q^4 + 10q^5 + 14q^6 + 14q^7 + 10q^8 + 7q^9 + 4q^10 + 2q^11 + 1q^12,C3: (0 3 0) -> (3 3 1) ; F4: (3 0 3 0) -> (0 1 3 3)
59731,11,3,C3+C4+F4,9,3q^3 + 1q^4 + 1q^5,C3: (0 3 1) -> (0 2 3) ; C4: (1 0 3 1) -> (0 0 2 3) ; F4: (2 1 3 0) -> (0 3 2 0)
59733,13,3,C3+C4+F4,4,2q^3 + 2q^4 + 6q^5 + 4q^6 + 3q^7 + 1q^8 + 1q^9,C3: (0 3 1) -> (0 3 3) ; C4: (2 0 3 1) -> (0 0 3 3) ; F4: (3 1 3 0) -> (0 3 3 0)
59735,13,3,C3+C4+F4,5,1q^2 + 4q^3 + 6q^4 + 4q^5 + 2q^6 + 1q^7,C3: (0 3 1) -> (1 3 2) ; C4: (2 0 3 1) -> (0 1 3 2) ; F4: (2 1 3 0) -> (0 2 3 1)
59737,11,3,C3+C4+F4,8,2q^2 + 3q^3 + 4q^4 + 2q^5 + 1q^6,C3: (0 3 1) -> (2 1 3) ; C4: (2 0 3 1) -> (0 2 1 3) ; F4: (2 1 3 0) -> (0 3 1 2)
59739,13,3,C3+C4+F4,3,1q^3 + 8q^4 + 10q^5 + 12q^6 + 7q^7 + 5q^8 + 2q^9 + 1q^10,C3: (0 3 1) -> (2 2 3) ; C4: (3 0 3 1) -> (0 2 2 3) ; F4: (3 1 3 0) -> (0 3 2 2)
59740,10,3,C3+C4+F4,39,1q + 2q^2 + 4q^3 + 2q^4 + 1q^5,C3: (0 3 1) -> (2 3 1) ; C4: (2 0 3 1) -> (0 2 3 1) ; F4: (1 1 3 0) -> (0 1 3 2)
59744,13,3,C3+C4+F4,4,1q^2 + 4q^3 + 7q^4 + 7q^5 + 5q^6 + 2q^7 + 1q^8,C3: (0 3 1) -> (3 2 2) ; C4: (3 0 3 1) -> (0 3 2 2) ; F4: (2 1 3 0) -> (0 2 2 3)
59747,12,2,C3+F4,2,1q^3 + 6q^4 + 14q^5 + 18q^6 + 18q^7 + 13q^8 + 8q^9 + 5q^10 + 2q^11 + 1q^12,C3: (0 3 1) -> (3 3 2) ; F4: (3 1 3 0) -> (0 2 3 3)
59749,11,3,C3+C4+F4,8,1q^2 + 4q^3 + 6q^4 + 4q^5 + 2q^6 + 1q^7,C3: (0 3 2) -> (1 3 3) ; C4: (2 0 3 2) -> (0 1 3 3) ; F4: (2 2 3 0) -> (0 3 3 1)
59751,11,3,C3+C4+F4,7,1q^2 + 4q^3 + 7q^4 + 7q^5 + 5q^6 + 2q^7 + 1q^8,C3: (0 3 2) -> (3 2 3) ; C4: (3 0 3 2) -> (0 3 2 3) ; F4: (2 2 3 0) -> (0 3 2 3)
59753,12,2,C3+F4,2,1q^3 + 6q^4 + 14q^5 + 19q^6 + 19q^7 + 14q^8 + 9q^9 + 5q^10 + 2q^11 + 1q^12,C3: (0 3 2) -> (3 3 3) ; F4: (3 2 3 0) -> (0 3 3 3)
59756,13,3,C3+C4+F4,6,1q^2 + 1q^3 + 1q^4 + 1q^5 + 1q^6,C3: (1 0 0) -> (0 1 1) ; C4: (1 1 0 0) -> (0 0 1 1) ; F4: (2 0 0 1) -> (0 1 1 0)
59760,14,3,C3+C4+F4,4,2q^4 + 2q^5 + 3q^6 + 2q^7 + 2q^8 + 1q^9 + 1q^10,C3: (1 0 0) -> (0 2 1) ; C4: (2 1 0 0) -> (0 0 2 1) ; F4: (3 0 0 1) -> (0 1 2 0)
59768,14,3,C3+C4+F4,4,1q^3 + 1q^4 + 2q^5 + 1q^6 + 2q^7 + 1q^8 + 1q^9,C3: (1 0 0) -> (1 0 2) ; C4: (2 1 0 0) -> (0 1 0 2) ; F4: (3 0 0 1) -> (0 2 0 1)
59770,11,3,C3+C4+F4,24,1q + 1q^2 + 1q^3 + 1q^4,C3: (1 0 0) -> (1 1 0) ; C4: (1 1 0 0) -> (0 1 1 0) ; F4: (1 0 0 1) -> (0 0 1 1)
59774,14,3,C3+C4+F4,5,1q^2 + 1q^3 + 3q^4 + 2q^5 + 2q^6 + 1q^7 + 1q^8,C3: (1 0 0) -> (1 2 0) ; C4: (2 1 0 0) -> (0 1 2 0) ; F4: (2 0 0 1) -> (0 0 2 1)
59778,13,3,C3+C4+F4,3,1q^3 + 1q^4 + 3q^5 + 4q^6 + 4q^7 + 4q^8 + 3q^9 + 2q^10 + 1q^11 + 1q^12,C3: (1 0 0) -> (1 3 0) ; C4: (3 1 0 0) -> (0 1 3 0) ; F4: (3 0 0 1) -> (0 0 3 1)
59782,14,3,C3+C4+F4,5,2q^3 + 1q^4 + 2q^5 + 1q^6 + 1q^7,C3: (1 0 0) -> (2 0 1) ; C4: (2 1 0 0) -> (0 2 0 1) ; F4: (2 0 0 1) -> (0 1 0 2)
59786,13,3,C3+C4+F4,3,1q^3 + 2q^4 + 4q^5 + 5q^6 + 5q^7 + 4q^8 + 3q^9 + 2q^10 + 1q^11,C3: (1 0 0) -> (2 1 1) ; C4: (3 1 0 0) -> (0 2 1 1) ; F4: (3 0 0 1) -> (0 1 1 2)
59797,12,3,C3+C4+F4,9,1q + 1q^3 + 1q^5,C3: (1 0 0) -> (3 0 0) ; C4: (2 1 0 0) -> (0 3 0 0) ; F4: (1 0 0 1) -> (0 0 0 3)
59801,13,3,C3+C4+F4,4,1q^2 + 1q^3 + 2q^4 + 2q^5 + 2q^6 + 2q^7 + 1q^8 + 1q^9,C3: (1 0 0) -> (3 1 0) ; C4: (3 1 0 0) -> (0 3 1 0) ; F4: (2 0 0 1) -> (0 0 1 3)
59805,14,2,C3+F4,2,1q^3 + 1q^4 + 4q^5 + 3q^6 + 6q^7 + 4q^8 + 5q^9 + 3q^10 + 3q^11 + 1q^12 + 1q^13,C3: (1 0 0) -> (3 2 0) ; F4: (3 0 0 1) -> (0 0 2 3)
59814,12,3,C3+C4+F4,6,1q^2 + 1q^3 + 2q^4 + 1q^5 + 1q^6,C3: (1 0 1) -> (0 1 2) ; C4: (1 1 0 1) -> (0 0 1 2) ; F4: (2 1 0 1) -> (0 2 1 0)
59817,13,3,C3+C4+F4,4,3q^4 + 3q^5 + 5q^6 + 2q^7 + 3q^8 + 1q^9 + 1q^10,C3: (1 0 1) -> (0 2 2) ; C4: (2 1 0 1) -> (0 0 2 2) ; F4: (3 1 0 1) -> (0 2 2 0)
59819,12,3,C3+C4+F4,7,1q^2 + 2q^3 + 1q^5,C3: (1 0 1) -> (0 3 0) ; C4: (1 1 0 1) -> (0 0 3 0) ; F4: (1 1 0 1) -> (0 0 3 0)
59824,13,3,C3+C4+F4,4,1q^3 + 1q^4 + 3q^5 + 2q^6 + 2q^7 + 1q^8 + 1q^9,C3: (1 0 1) -> (1 0 3) ; C4: (2 1 0 1) -> (0 1 0 3) ; F4: (3 1 0 1) -> (0 3 0 1)
59825,9,3,C3+C4+F4,90,1q + 2q^2 + 2q^3 + 1q^4,C3: (1 0 1) -> (1 1 1) ; C4: (1 1 0 1) -> (0 1 1 1) ; F4: (1 1 0 1) -> (0 1 1 1)
59829,13,3,C3+C4+F4,5,1q^2 + 3q^3 + 6q^4 + 4q^5 + 3q^6 + 2q^7 + 1q^8,C3: (1 0 1) -> (1 2 1) ; C4: (2 1 0 1) -> (0 1 2 1) ; F4: (2 1 0 1) -> (0 1 2 1)
59833,13,3,C3+C4+F4,3,1q^3 + 3q^4 + 7q^5 + 10q^6 + 9q^7 + 7q^8 + 5q^9 + 3q^10 + 2q^11 + 1q^12,C3: (1 0 1) -> (1 3 1) ; C4: (3 1 0 1) -> (0 1 3 1) ; F4: (3 1 0 1) -> (0 1 3 1)
59836,13,3,C3+C4+F4,5,3q^3 + 2q^4 + 3q^5 + 1q^6 + 1q^7,C3: (1 0 1) -> (2 0 2) ; C4: (2 1 0 1) -> (0 2 0 2) ; F4: (2 1 0 1) -> (0 2 0 2)
59839,13,3,C3+C4+F4,3,1q^3 + 4q^4 + 8q^5 + 8q^6 + 8q^7 + 5q^8 + 4q^9 + 2q^10 + 1q^11,C3: (1 0 1) -> (2 1 2) ; C4: (3 1 0 1) -> (0 2 1 2) ; F4: (3 1 0 1) -> (0 2 1 2)
59841,13,3,C3+C4+F4,6,2q^2 + 2q^3 + 3q^4 + 1q^5 + 1q^6,C3: (1 0 1) -> (2 2 0) ; C4: (2 1 0 1) -> (0 2 2 0) ; F4: (1 1 0 1) -> (0 0 2 2)
59845,13,3,C3+C4+F4,4,2q^3 + 4q^4 + 5q^5 + 6q^6 + 3q^7 + 3q^8 + 1q^9 + 1q^10,C3: (1 0 1) -> (2 3 0) ; C4: (3 1 0 1) -> (0 2 3 0) ; F4: (2 1 0 1) -> (0 0 3 2)
59849,10,3,C3+C4+F4,39,1q + 1q^2 + 2q^3 + 1q^4 + 1q^5,C3: (1 0 1) -> (3 0 1) ; C4: (2 1 0 1) -> (0 3 0 1) ; F4: (1 1 0 1) -> (0 1 0 3)
59853,13,3,C3+C4+F4,4,1q^2 + 3q^3 + 5q^4 + 6q^5 + 5q^6 + 3q^7 + 2q^8 + 1q^9,C3: (1 0 1) -> (3 1 1) ; C4: (3 1 0 1) -> (0 3 1 1) ; F4: (2 1 0 1) -> (0 1 1 3)
59857,13,2,C3+F4,2,1q^3 + 4q^4 + 9q^5 + 11q^6 + 14q^7 + 11q^8 + 9q^9 + 6q^10 + 4q^11 + 2q^12 + 1q^13,C3: (1 0 1) -> (3 2 1) ; F4: (3 1 0 1) -> (0 1 2 3)
59864,11,3,C3+C4+F4,9,1q^2 + 1q^3 + 2q^4 + 1q^5 + 1q^6,C3: (1 0 2) -> (0 1 3) ; C4: (1 1 0 2) -> (0 0 1 3) ; F4: (2 2 0 1) -> (0 3 1 0)
59866,14,3,C3+C4+F4,4,3q^4 + 3q^5 + 5q^6 + 3q^7 + 3q^8 + 1q^9 + 1q^10,C3: (1 0 2) -> (0 2 3) ; C4: (2 1 0 2) -> (0 0 2 3) ; F4: (3 2 0 1) -> (0 3 2 0)
59867,11,3,C3+C4+F4,17,1q^2 + 2q^3 + 1q^4 + 1q^5,C3: (1 0 2) -> (0 3 1) ; C4: (1 1 0 2) -> (0 0 3 1) ; F4: (1 2 0 1) -> (0 1 3 0)
59871,14,3,C3+C4+F4,5,1q^2 + 3q^3 + 6q^4 + 5q^5 + 4q^6 + 2q^7 + 1q^8,C3: (1 0 2) -> (1 2 2) ; C4: (2 1 0 2) -> (0 1 2 2) ; F4: (2 2 0 1) -> (0 2 2 1)
59874,14,3,C3+C4+F4,3,1q^3 + 3q^4 + 8q^5 + 12q^6 + 12q^7 + 9q^8 + 6q^9 + 4q^10 + 2q^11 + 1q^12,C3: (1 0 2) -> (1 3 2) ; C4: (3 1 0 2) -> (0 1 3 2) ; F4: (3 2 0 1) -> (0 2 3 1)
59876,12,3,C3+C4+F4,8,3q^3 + 2q^4 + 3q^5 + 1q^6 + 1q^7,C3: (1 0 2) -> (2 0 3) ; C4: (2 1 0 2) -> (0 2 0 3) ; F4: (2 2 0 1) -> (0 3 0 2)
59878,14,3,C3+C4+F4,3,1q^3 + 4q^4 + 8q^5 + 9q^6 + 9q^7 + 6q^8 + 4q^9 + 2q^10 + 1q^11,C3: (1 0 2) -> (2 1 3) ; C4: (3 1 0 2) -> (0 2 1 3) ; F4: (3 2 0 1) -> (0 3 1 2)
59879,12,3,C3+C4+F4,15,2q^2 + 3q^3 + 4q^4 + 2q^5 + 1q^6,C3: (1 0 2) -> (2 2 1) ; C4: (2 1 0 2) -> (0 2 2 1) ; F4: (1 2 0 1) -> (0 1 2 2)
59883,14,3,C3+C4+F4,4,2q^3 + 6q^4 + 9q^5 + 9q^6 + 6q^7 + 4q^8 + 2q^9 + 1q^10,C3: (1 0 2) -> (2 3 1) ; C4: (3 1 0 2) -> (0 2 3 1) ; F4: (2 2 0 1) -> (0 1 3 2)
59887,14,3,C3+C4+F4,4,1q^2 + 3q^3 + 6q^4 + 7q^5 + 6q^6 + 4q^7 + 2q^8 + 1q^9,C3: (1 0 2) -> (3 1 2) ; C4: (3 1 0 2) -> (0 3 1 2) ; F4: (2 2 0 1) -> (0 2 1 3)
59890,14,2,C3+F4,2,1q^3 + 4q^4 + 11q^5 + 15q^6 + 18q^7 + 15q^8 + 12q^9 + 7q^10 + 5q^11 + 2q^12 + 1q^13,C3: (1 0 2) -> (3 2 2) ; F4: (3 2 0 1) -> (0 2 2 3)
59892,14,3,C3+C4+F4,5,2q^3 + 3q^4 + 4q^5 + 3q^6 + 1q^7 + 1q^8,C3: (1 0 2) -> (3 3 0) ; C4: (3 1 0 2) -> (0 3 3 0) ; F4: (1 2 0 1) -> (0 0 3 3)
59897,12,3,C3+C4+F4,8,1q^2 + 3q^3 + 6q^4 + 5q^5 + 4q^6 + 2q^7 + 1q^8,C3: (1 0 3) -> (1 2 3) ; C4: (2 1 0 3) -> (0 1 2 3) ; F4: (2 3 0 1) -> (0 3 2 1)
59899,14,3,C3+C4+F4,3,1q^3 + 3q^4 + 8q^5 + 12q^6 + 12q^7 + 10q^8 + 7q^9 + 4q^10 + 2q^11 + 1q^12,C3: (1 0 3) -> (1 3 3) ; C4: (3 1 0 3) -> (0 1 3 3) ; F4: (3 3 0 1) -> (0 3 3 1)
59901,14,3,C3+C4+F4,4,2q^3 + 6q^4 + 9q^5 + 10q^6 + 7q^7 + 5q^8 + 2q^9 + 1q^10,C3: (1 0 3) -> (2 3 2) ; C4: (3 1 0 3) -> (0 2 3 2) ; F4: (2 3 0 1) -> (0 2 3 2)
59903,12,3,C3+C4+F4,7,1q^2 + 3q^3 + 6q^4 + 7q^5 + 6q^6 + 4q^7 + 2q^8 + 1q^9,C3: (1 0 3) -> (3 1 3) ; C4: (3 1 0 3) -> (0 3 1 3) ; F4: (2 3 0 1) -> (0 3 1 3)
59905,14,2,C3+F4,2,1q^3 + 4q^4 + 11q^5 + 15q^6 + 19q^7 + 16q^8 + 13q^9 + 8q^10 + 5q^11 + 2q^12 + 1q^13,C3: (1 0 3) -> (3 2 3) ; F4: (3 3 0 1) -> (0 3 2 3)
59906,12,3,C3+C4+F4,8,2q^3 + 4q^4 + 5q^5 + 4q^6 + 2q^7 + 1q^8,C3: (1 0 3) -> (3 3 1) ; C4: (3 1 0 3) -> (0 3 3 1) ; F4: (1 3 0 1) -> (0 1 3 3)
59909,13,3,C3+C4+F4,5,1q^4 + 1q^5 + 1q^7,C3: (1 1 0) -> (0 0 3) ; C4: (1 1 1 0) -> (0 0 0 3) ; F4: (3 0 1 1) -> (0 3 0 0)
59912,14,3,C3+C4+F4,6,1q^2 + 2q^3 + 2q^4 + 1q^5 + 1q^6,C3: (1 1 0) -> (0 2 1) ; C4: (1 1 1 0) -> (0 0 2 1) ; F4: (2 0 1 1) -> (0 1 2 0)
59916,12,3,C3+C4+F4,4,1q^3 + 3q^4 + 4q^5 + 4q^6 + 3q^7 + 2q^8 + 1q^9 + 1q^10,C3: (1 1 0) -> (0 3 1) ; C4: (2 1 1 0) -> (0 0 3 1) ; F4: (3 0 1 1) -> (0 1 3 0)
59919,12,3,C3+C4+F4,21,1q^2 + 2q^3 + 1q^4 + 1q^5,C3: (1 1 0) -> (1 0 2) ; C4: (1 1 1 0) -> (0 1 0 2) ; F4: (2 0 1 1) -> (0 2 0 1)
59922,12,3,C3+C4+F4,4,2q^3 + 4q^4 + 5q^5 + 4q^6 + 3q^7 + 2q^8 + 1q^9,C3: (1 1 0) -> (1 1 2) ; C4: (2 1 1 0) -> (0 1 1 2) ; F4: (3 0 1 1) -> (0 2 1 1)
59924,11,3,C3+C4+F4,24,1q + 2q^2 + 1q^3 + 1q^4,C3: (1 1 0) -> (1 2 0) ; C4: (1 1 1 0) -> (0 1 2 0) ; F4: (1 0 1 1) -> (0 0 2 1)
59928,13,3,C3+C4+F4,5,1q^2 + 2q^3 + 4q^4 + 3q^5 + 2q^6 + 1q^7 + 1q^8,C3: (1 1 0) -> (1 3 0) ; C4: (2 1 1 0) -> (0 1 3 0) ; F4: (2 0 1 1) -> (0 0 3 1)
59934,13,3,C3+C4+F4,5,2q^2 + 4q^3 + 4q^4 + 3q^5 + 2q^6 + 1q^7,C3: (1 1 0) -> (2 1 1) ; C4: (2 1 1 0) -> (0 2 1 1) ; F4: (2 0 1 1) -> (0 1 1 2)
59938,13,3,C3+C4+F4,3,2q^3 + 5q^4 + 9q^5 + 9q^6 + 8q^7 + 5q^8 + 4q^9 + 2q^10 + 1q^11,C3: (1 1 0) -> (2 2 1) ; C4: (3 1 1 0) -> (0 2 2 1) ; F4: (3 0 1 1) -> (0 1 2 2)
59946,13,3,C3+C4+F4,3,1q^3 + 4q^4 + 4q^5 + 5q^6 + 3q^7 + 3q^8 + 1q^9 + 1q^10,C3: (1 1 0) -> (3 0 2) ; C4: (3 1 1 0) -> (0 3 0 2) ; F4: (3 0 1 1) -> (0 2 0 3)
59948,10,3,C3+C4+F4,9,1q + 1q^2 + 2q^3 + 1q^4 + 1q^5,C3: (1 1 0) -> (3 1 0) ; C4: (2 1 1 0) -> (0 3 1 0) ; F4: (1 0 1 1) -> (0 0 1 3)
59952,14,3,C3+C4+F4,4,1q^2 + 3q^3 + 3q^4 + 5q^5 + 3q^6 + 3q^7 + 1q^8 + 1q^9,C3: (1 1 0) -> (3 2 0) ; C4: (3 1 1 0) -> (0 3 2 0) ; F4: (2 0 1 1) -> (0 0 2 3)
59956,12,2,C3+F4,2,1q^3 + 3q^4 + 6q^5 + 7q^6 + 9q^7 + 7q^8 + 6q^9 + 4q^10 + 3q^11 + 1q^12 + 1q^13,C3: (1 1 0) -> (3 3 0) ; F4: (3 0 1 1) -> (0 0 3 3)
59961,13,3,C3+C4+F4,6,1q^2 + 2q^3 + 3q^4 + 1q^5 + 1q^6,C3: (1 1 1) -> (0 2 2) ; C4: (1 1 1 1) -> (0 0 2 2) ; F4: (2 1 1 1) -> (0 2 2 0)
59964,11,3,C3+C4+F4,4,1q^3 + 4q^4 + 5q^5 + 6q^6 + 3q^7 + 3q^8 + 1q^9 + 1q^10,C3: (1 1 1) -> (0 3 2) ; C4: (2 1 1 1) -> (0 0 3 2) ; F4: (3 1 1 1) -> (0 2 3 0)
59966,10,3,C3+C4+F4,39,1q^2 + 2q^3 + 1q^4 + 1q^5,C3: (1 1 1) -> (1 0 3) ; C4: (1 1 1 1) -> (0 1 0 3) ; F4: (2 1 1 1) -> (0 3 0 1)
59968,11,3,C3+C4+F4,4,2q^3 + 4q^4 + 6q^5 + 5q^6 + 3q^7 + 2q^8 + 1q^9,C3: (1 1 1) -> (1 1 3) ; C4: (2 1 1 1) -> (0 1 1 3) ; F4: (3 1 1 1) -> (0 3 1 1)
59969,9,3,C3+C4+F4,90,1q + 3q^2 + 2q^3 + 1q^4,C3: (1 1 1) -> (1 2 1) ; C4: (1 1 1 1) -> (0 1 2 1) ; F4: (1 1 1 1) -> (0 1 2 1)
59973,12,3,C3+C4+F4,5,1q^2 + 4q^3 + 7q^4 + 5q^5 + 3q^6 + 2q^7 + 1q^8,C3: (1 1 1) -> (1 3 1) ; C4: (2 1 1 1) -> (0 1 3 1) ; F4: (2 1 1 1) -> (0 1 3 1)
59977,12,3,C3+C4+F4,5,2q^2 + 5q^3 + 5q^4 + 4q^5 + 2q^6 + 1q^7,C3: (1 1 1) -> (2 1 2) ; C4: (2 1 1 1) -> (0 2 1 2) ; F4: (2 1 1 1) -> (0 2 1 2)
59980,12,3,C3+C4+F4,3,2q^3 + 7q^4 + 13q^5 + 12q^6 + 11q^7 + 6q^8 + 5q^9 + 2q^10 + 1q^11,C3: (1 1 1) -> (2 2 2) ; C4: (3 1 1 1) -> (0 2 2 2) ; F4: (3 1 1 1) -> (0 2 2 2)
59982,11,3,C3+C4+F4,6,2q^2 + 3q^3 + 3q^4 + 1q^5 + 1q^6,C3: (1 1 1) -> (2 3 0) ; C4: (2 1 1 1) -> (0 2 3 0) ; F4: (1 1 1 1) -> (0 0 3 2)
59987,12,3,C3+C4+F4,3,1q^3 + 5q^4 + 5q^5 + 6q^6 + 4q^7 + 3q^8 + 1q^9 + 1q^10,C3: (1 1 1) -> (3 0 3) ; C4: (3 1 1 1) -> (0 3 0 3) ; F4: (3 1 1 1) -> (0 3 0 3)
59988,8,3,C3+C4+F4,39,1q + 2q^2 + 3q^3 + 2q^4 + 1q^5,C3: (1 1 1) -> (3 1 1) ; C4: (2 1 1 1) -> (0 3 1 1) ; F4: (1 1 1 1) -> (0 1 1 3)
59992,13,3,C3+C4+F4,4,1q^2 + 5q^3 + 7q^4 + 9q^5 + 6q^6 + 4q^7 + 2q^8 + 1q^9,C3: (1 1 1) -> (3 2 1) ; C4: (3 1 1 1) -> (0 3 2 1) ; F4: (2 1 1 1) -> (0 1 2 3)
59996,12,2,C3+F4,2,1q^3 + 6q^4 + 12q^5 + 16q^6 + 18q^7 + 14q^8 + 10q^9 + 7q^10 + 4q^11 + 2q^12 + 1q^13,C3: (1 1 1) -> (3 3 1) ; F4: (3 1 1 1) -> (0 1 3 3)
59999,12,3,C3+C4+F4,9,1q^2 + 2q^3 + 3q^4 + 1q^5 + 1q^6,C3: (1 1 2) -> (0 2 3) ; C4: (1 1 1 2) -> (0 0 2 3) ; F4: (2 2 1 1) -> (0 3 2 0)
60001,12,3,C3+C4+F4,4,1q^3 + 4q^4 + 5q^5 + 6q^6 + 4q^7 + 3q^8 + 1q^9 + 1q^10,C3: (1 1 2) -> (0 3 3) ; C4: (2 1 1 2) -> (0 0 3 3) ; F4: (3 2 1 1) -> (0 3 3 0)
60003,13,3,C3+C4+F4,5,1q^2 + 4q^3 + 7q^4 + 6q^5 + 4q^6 + 2q^7 + 1q^8,C3: (1 1 2) -> (1 3 2) ; C4: (2 1 1 2) -> (0 1 3 2) ; F4: (2 2 1 1) -> (0 2 3 1)
60005,11,3,C3+C4+F4,8,2q^2 + 5q^3 + 5q^4 + 4q^5 + 2q^6 + 1q^7,C3: (1 1 2) -> (2 1 3) ; C4: (2 1 1 2) -> (0 2 1 3) ; F4: (2 2 1 1) -> (0 3 1 2)
60007,13,3,C3+C4+F4,3,2q^3 + 7q^4 + 13q^5 + 13q^6 + 12q^7 + 7q^8 + 5q^9 + 2q^10 + 1q^11,C3: (1 1 2) -> (2 2 3) ; C4: (3 1 1 2) -> (0 2 2 3) ; F4: (3 2 1 1) -> (0 3 2 2)
60008,10,3,C3+C4+F4,15,2q^2 + 4q^3 + 4q^4 + 2q^5 + 1q^6,C3: (1 1 2) -> (2 3 1) ; C4: (2 1 1 2) -> (0 2 3 1) ; F4: (1 2 1 1) -> (0 1 3 2)
60012,14,3,C3+C4+F4,4,1q^2 + 5q^3 + 8q^4 + 10q^5 + 7q^6 + 5q^7 + 2q^8 + 1q^9,C3: (1 1 2) -> (3 2 2) ; C4: (3 1 1 2) -> (0 3 2 2) ; F4: (2 2 1 1) -> (0 2 2 3)
60014,4,3,C3+C4+F4,100,1q^2 + 1q^3 + 1q^4,C3: (1 1 2) -> (3 3 0) ; C4: (1 1 2 0) -> (3 3 0 0) ; F4: (0 2 1 1) -> (0 0 3 3)
60016,13,2,C3+F4,2,1q^3 + 6q^4 + 14q^5 + 20q^6 + 22q^7 + 18q^8 + 13q^9 + 8q^10 + 5q^11 + 2q^12 + 1q^13,C3: (1 1 2) -> (3 3 2) ; F4: (3 2 1 1) -> (0 2 3 3)
60018,11,3,C3+C4+F4,8,1q^2 + 4q^3 + 7q^4 + 6q^5 + 4q^6 + 2q^7 + 1q^8,C3: (1 1 3) -> (1 3 3) ; C4: (2 1 1 3) -> (0 1 3 3) ; F4: (2 3 1 1) -> (0 3 3 1)
60020,12,3,C3+C4+F4,7,1q^2 + 5q^3 + 8q^4 + 10q^5 + 7q^6 + 5q^7 + 2q^8 + 1q^9,C3: (1 1 3) -> (3 2 3) ; C4: (3 1 1 3) -> (0 3 2 3) ; F4: (2 3 1 1) -> (0 3 2 3)
60022,13,2,C3+F4,2,1q^3 + 6q^4 + 14q^5 + 20q^6 + 23q^7 + 19q^8 + 14q^9 + 9q^10 + 5q^11 + 2q^12 + 1q^13,C3: (1 1 3) -> (3 3 3) ; F4: (3 3 1 1) -> (0 3 3 3)
60023,14,3,C3+C4+F4,5,1q^3 + 2q^4 + 2q^5 + 1q^6 + 1q^7,C3: (1 2 0) -> (0 1 3) ; C4: (1 1 2 0) -> (0 0 1 3) ; F4: (3 0 2 1) -> (0 3 1 0)
60026,14,3,C3+C4+F4,6,1q^2 + 3q^3 + 2q^4 + 1q^5 + 1q^6,C3: (1 2 0) -> (0 3 1) ; C4: (1 1 2 0) -> (0 0 3 1) ; F4: (2 0 2 1) -> (0 1 3 0)
60030,12,3,C3+C4+F4,21,2q^2 + 3q^3 + 2q^4 + 1q^5,C3: (1 2 0) -> (1 1 2) ; C4: (1 1 2 0) -> (0 1 1 2) ; F4: (2 0 2 1) -> (0 2 1 1)
60033,14,3,C3+C4+F4,4,3q^3 + 6q^4 + 8q^5 + 5q^6 + 4q^7 + 2q^8 + 1q^9,C3: (1 2 0) -> (1 2 2) ; C4: (2 1 2 0) -> (0 1 2 2) ; F4: (3 0 2 1) -> (0 2 2 1)
60035,10,3,C3+C4+F4,42,1q + 2q^2 + 1q^3 + 1q^4,C3: (1 2 0) -> (1 3 0) ; C4: (1 1 2 0) -> (0 1 3 0) ; F4: (1 0 2 1) -> (0 0 3 1)
60039,14,3,C3+C4+F4,4,1q^3 + 4q^4 + 3q^5 + 3q^6 + 1q^7 + 1q^8,C3: (1 2 0) -> (2 0 3) ; C4: (2 1 2 0) -> (0 2 0 3) ; F4: (3 0 2 1) -> (0 3 0 2)
60042,14,3,C3+C4+F4,5,2q^2 + 5q^3 + 5q^4 + 4q^5 + 2q^6 + 1q^7,C3: (1 2 0) -> (2 2 1) ; C4: (2 1 2 0) -> (0 2 2 1) ; F4: (2 0 2 1) -> (0 1 2 2)
60046,13,3,C3+C4+F4,3,2q^3 + 7q^4 + 11q^5 + 12q^6 + 9q^7 + 6q^8 + 4q^9 + 2q^10 + 1q^11,C3: (1 2 0) -> (2 3 1) ; C4: (3 1 2 0) -> (0 2 3 1) ; F4: (3 0 2 1) -> (0 1 3 2)
60049,12,3,C3+C4+F4,8,2q^2 + 2q^3 + 3q^4 + 1q^5 + 1q^6,C3: (1 2 0) -> (3 0 2) ; C4: (2 1 2 0) -> (0 3 0 2) ; F4: (2 0 2 1) -> (0 2 0 3)
60052,13,3,C3+C4+F4,3,3q^3 + 7q^4 + 9q^5 + 9q^6 + 6q^7 + 4q^8 + 2q^9 + 1q^10,C3: (1 2 0) -> (3 1 2) ; C4: (3 1 2 0) -> (0 3 1 2) ; F4: (3 0 2 1) -> (0 2 1 3)
60054,12,3,C3+C4+F4,9,1q + 1q^2 + 3q^3 + 1q^4 + 1q^5,C3: (1 2 0) -> (3 2 0) ; C4: (2 1 2 0) -> (0 3 2 0) ; F4: (1 0 2 1) -> (0 0 2 3)
60058,13,3,C3+C4+F4,4,1q^2 + 3q^3 + 4q^4 + 6q^5 + 4q^6 + 3q^7 + 1q^8 + 1q^9,C3: (1 2 0) -> (3 3 0) ; C4: (3 1 2 0) -> (0 3 3 0) ; F4: (2 0 2 1) -> (0 0 3 3)
60063,13,3,C3+C4+F4,6,1q^2 + 3q^3 + 3q^4 + 1q^5 + 1q^6,C3: (1 2 1) -> (0 3 2) ; C4: (1 1 2 1) -> (0 0 3 2) ; F4: (2 1 2 1) -> (0 2 3 0)
60065,10,3,C3+C4+F4,39,2q^2 + 3q^3 + 2q^4 + 1q^5,C3: (1 2 1) -> (1 1 3) ; C4: (1 1 2 1) -> (0 1 1 3) ; F4: (2 1 2 1) -> (0 3 1 1)
60067,13,3,C3+C4+F4,4,3q^3 + 6q^4 + 9q^5 + 6q^6 + 4q^7 + 2q^8 + 1q^9,C3: (1 2 1) -> (1 2 3) ; C4: (2 1 2 1) -> (0 1 2 3) ; F4: (3 1 2 1) -> (0 3 2 1)
60068,8,3,C3+C4+F4,198,1q + 3q^2 + 2q^3 + 1q^4,C3: (1 2 1) -> (1 3 1) ; C4: (1 1 2 1) -> (0 1 3 1) ; F4: (1 1 2 1) -> (0 1 3 1)
60072,13,3,C3+C4+F4,5,2q^2 + 6q^3 + 6q^4 + 5q^5 + 2q^6 + 1q^7,C3: (1 2 1) -> (2 2 2) ; C4: (2 1 2 1) -> (0 2 2 2) ; F4: (2 1 2 1) -> (0 2 2 2)
60075,12,3,C3+C4+F4,3,2q^3 + 9q^4 + 15q^5 + 15q^6 + 12q^7 + 7q^8 + 5q^9 + 2q^10 + 1q^11,C3: (1 2 1) -> (2 3 2) ; C4: (3 1 2 1) -> (0 2 3 2) ; F4: (3 1 2 1) -> (0 2 3 2)
60077,10,3,C3+C4+F4,20,2q^2 + 2q^3 + 3q^4 + 1q^5 + 1q^6,C3: (1 2 1) -> (3 0 3) ; C4: (2 1 2 1) -> (0 3 0 3) ; F4: (2 1 2 1) -> (0 3 0 3)
60079,12,3,C3+C4+F4,3,3q^3 + 8q^4 + 10q^5 + 10q^6 + 7q^7 + 4q^8 + 2q^9 + 1q^10,C3: (1 2 1) -> (3 1 3) ; C4: (3 1 2 1) -> (0 3 1 3) ; F4: (3 1 2 1) -> (0 3 1 3)
60080,10,3,C3+C4+F4,39,1q + 2q^2 + 4q^3 + 2q^4 + 1q^5,C3: (1 2 1) -> (3 2 1) ; C4: (2 1 2 1) -> (0 3 2 1) ; F4: (1 1 2 1) -> (0 1 2 3)
60084,12,3,C3+C4+F4,4,1q^2 + 5q^3 + 8q^4 + 10q^5 + 7q^6 + 4q^7 + 2q^8 + 1q^9,C3: (1 2 1) -> (3 3 1) ; C4: (3 1 2 1) -> (0 3 3 1) ; F4: (2 1 2 1) -> (0 1 3 3)
60087,12,3,C3+C4+F4,9,1q^2 + 3q^3 + 3q^4 + 1q^5 + 1q^6,C3: (1 2 2) -> (0 3 3) ; C4: (1 1 2 2) -> (0 0 3 3) ; F4: (2 2 2 1) -> (0 3 3 0)
60089,12,3,C3+C4+F4,8,2q^2 + 6q^3 + 6q^4 + 5q^5 + 2q^6 + 1q^7,C3: (1 2 2) -> (2 2 3) ; C4: (2 1 2 2) -> (0 2 2 3) ; F4: (2 2 2 1) -> (0 3 2 2)
60091,13,3,C3+C4+F4,3,2q^3 + 9q^4 + 15q^5 + 16q^6 + 13q^7 + 8q^8 + 5q^9 + 2q^10 + 1q^11,C3: (1 2 2) -> (2 3 3) ; C4: (3 1 2 2) -> (0 2 3 3) ; F4: (3 2 2 1) -> (0 3 3 2)
60093,13,3,C3+C4+F4,4,1q^2 + 5q^3 + 9q^4 + 11q^5 + 8q^6 + 5q^7 + 2q^8 + 1q^9,C3: (1 2 2) -> (3 3 2) ; C4: (3 1 2 2) -> (0 3 3 2) ; F4: (2 2 2 1) -> (0 2 3 3)
60095,11,3,C3+C4+F4,7,1q^2 + 5q^3 + 9q^4 + 11q^5 + 8q^6 + 5q^7 + 2q^8 + 1q^9,C3: (1 2 3) -> (3 3 3) ; C4: (3 1 2 3) -> (0 3 3 3) ; F4: (2 3 2 1) -> (0 3 3 3)
60096,14,3,C3+C4+F4,5,1q^3 + 3q^4 + 3q^5 + 1q^6 + 1q^7,C3: (1 3 0) -> (0 2 3) ; C4: (1 1 3 0) -> (0 0 2 3) ; F4: (3 0 3 1) -> (0 3 2 0)
60100,11,3,C3+C4+F4,21,2q^2 + 4q^3 + 2q^4 + 1q^5,C3: (1 3 0) -> (1 2 2) ; C4: (1 1 3 0) -> (0 1 2 2) ; F4: (2 0 3 1) -> (0 2 2 1)
60103,14,3,C3+C4+F4,4,3q^3 + 7q^4 + 9q^5 + 6q^6 + 4q^7 + 2q^8 + 1q^9,C3: (1 3 0) -> (1 3 2) ; C4: (2 1 3 0) -> (0 1 3 2) ; F4: (3 0 3 1) -> (0 2 3 1)
60105,14,3,C3+C4+F4,4,3q^3 + 6q^4 + 6q^5 + 4q^6 + 2q^7 + 1q^8,C3: (1 3 0) -> (2 1 3) ; C4: (2 1 3 0) -> (0 2 1 3) ; F4: (3 0 3 1) -> (0 3 1 2)
60108,13,3,C3+C4+F4,5,2q^2 + 5q^3 + 6q^4 + 4q^5 + 2q^6 + 1q^7,C3: (1 3 0) -> (2 3 1) ; C4: (2 1 3 0) -> (0 2 3 1) ; F4: (2 0 3 1) -> (0 1 3 2)
60112,11,3,C3+C4+F4,8,2q^2 + 3q^3 + 4q^4 + 2q^5 + 1q^6,C3: (1 3 0) -> (3 1 2) ; C4: (2 1 3 0) -> (0 3 1 2) ; F4: (2 0 3 1) -> (0 2 1 3)
60115,14,3,C3+C4+F4,3,3q^3 + 9q^4 + 11q^5 + 12q^6 + 7q^7 + 5q^8 + 2q^9 + 1q^10,C3: (1 3 0) -> (3 2 2) ; C4: (3 1 3 0) -> (0 3 2 2) ; F4: (3 0 3 1) -> (0 2 2 3)
60117,10,3,C3+C4+F4,21,1q + 1q^2 + 3q^3 + 1q^4 + 1q^5,C3: (1 3 0) -> (3 3 0) ; C4: (2 1 3 0) -> (0 3 3 0) ; F4: (1 0 3 1) -> (0 0 3 3)
60122,9,3,C3+C4+F4,39,2q^2 + 4q^3 + 2q^4 + 1q^5,C3: (1 3 1) -> (1 2 3) ; C4: (1 1 3 1) -> (0 1 2 3) ; F4: (2 1 3 1) -> (0 3 2 1)
60124,13,3,C3+C4+F4,4,3q^3 + 7q^4 + 10q^5 + 7q^6 + 4q^7 + 2q^8 + 1q^9,C3: (1 3 1) -> (1 3 3) ; C4: (2 1 3 1) -> (0 1 3 3) ; F4: (3 1 3 1) -> (0 3 3 1)
60126,12,3,C3+C4+F4,5,2q^2 + 6q^3 + 7q^4 + 5q^5 + 2q^6 + 1q^7,C3: (1 3 1) -> (2 3 2) ; C4: (2 1 3 1) -> (0 2 3 2) ; F4: (2 1 3 1) -> (0 2 3 2)
60128,9,3,C3+C4+F4,20,2q^2 + 3q^3 + 4q^4 + 2q^5 + 1q^6,C3: (1 3 1) -> (3 1 3) ; C4: (2 1 3 1) -> (0 3 1 3) ; F4: (2 1 3 1) -> (0 3 1 3)
60130,13,3,C3+C4+F4,3,3q^3 + 10q^4 + 12q^5 + 13q^6 + 8q^7 + 5q^8 + 2q^9 + 1q^10,C3: (1 3 1) -> (3 2 3) ; C4: (3 1 3 1) -> (0 3 2 3) ; F4: (3 1 3 1) -> (0 3 2 3)
60131,8,3,C3+C4+F4,111,1q + 2q^2 + 4q^3 + 2q^4 + 1q^5,C3: (1 3 1) -> (3 3 1) ; C4: (2 1 3 1) -> (0 3 3 1) ; F4: (1 1 3 1) -> (0 1 3 3)
60134,11,3,C3+C4+F4,8,2q^2 + 6q^3 + 7q^4 + 5q^5 + 2q^6 + 1q^7,C3: (1 3 2) -> (2 3 3) ; C4: (2 1 3 2) -> (0 2 3 3) ; F4: (2 2 3 1) -> (0 3 3 2)
60137,13,3,C3+C4+F4,5,2q^4 + 1q^5 + 2q^6 + 1q^7 + 1q^8,C3: (2 0 0) -> (0 1 2) ; C4: (1 2 0 0) -> (0 0 1 2) ; F4: (3 0 0 2) -> (0 2 1 0)
60142,13,3,C3+C4+F4,6,1q^3 + 1q^4 + 2q^5 + 1q^7,C3: (2 0 0) -> (0 3 0) ; C4: (1 2 0 0) -> (0 0 3 0) ; F4: (2 0 0 2) -> (0 0 3 0)
60148,11,3,C3+C4+F4,15,1q^2 + 2q^3 + 2q^4 + 2q^5 + 1q^6,C3: (2 0 0) -> (1 1 1) ; C4: (1 2 0 0) -> (0 1 1 1) ; F4: (2 0 0 2) -> (0 1 1 1)
60152,14,3,C3+C4+F4,4,1q^3 + 3q^4 + 4q^5 + 6q^6 + 4q^7 + 3q^8 + 2q^9 + 1q^10,C3: (2 0 0) -> (1 2 1) ; C4: (2 2 0 0) -> (0 1 2 1) ; F4: (3 0 0 2) -> (0 1 2 1)
60159,14,3,C3+C4+F4,4,2q^3 + 1q^4 + 4q^5 + 2q^6 + 3q^7 + 1q^8 + 1q^9,C3: (2 0 0) -> (2 0 2) ; C4: (2 2 0 0) -> (0 2 0 2) ; F4: (3 0 0 2) -> (0 2 0 2)
60164,14,3,C3+C4+F4,5,2q^2 + 1q^3 + 4q^4 + 2q^5 + 3q^6 + 1q^7 + 1q^8,C3: (2 0 0) -> (2 2 0) ; C4: (2 2 0 0) -> (0 2 2 0) ; F4: (2 0 0 2) -> (0 0 2 2)
60168,13,3,C3+C4+F4,3,1q^3 + 2q^4 + 4q^5 + 6q^6 + 5q^7 + 6q^8 + 3q^9 + 3q^10 + 1q^11 + 1q^12,C3: (2 0 0) -> (2 3 0) ; C4: (3 2 0 0) -> (0 2 3 0) ; F4: (3 0 0 2) -> (0 0 3 2)
60172,12,3,C3+C4+F4,8,2q^3 + 1q^4 + 2q^5 + 1q^6 + 1q^7,C3: (2 0 0) -> (3 0 1) ; C4: (2 2 0 0) -> (0 3 0 1) ; F4: (2 0 0 2) -> (0 1 0 3)
60176,13,3,C3+C4+F4,3,1q^3 + 3q^4 + 5q^5 + 6q^6 + 6q^7 + 5q^8 + 3q^9 + 2q^10 + 1q^11,C3: (2 0 0) -> (3 1 1) ; C4: (3 2 0 0) -> (0 3 1 1) ; F4: (3 0 0 2) -> (0 1 1 3)
60187,13,3,C3+C4+F4,5,2q^4 + 2q^5 + 2q^6 + 1q^7 + 1q^8,C3: (2 0 1) -> (0 1 3) ; C4: (1 2 0 1) -> (0 0 1 3) ; F4: (3 1 0 2) -> (0 3 1 0)
60190,13,3,C3+C4+F4,6,2q^3 + 3q^4 + 2q^5 + 1q^6 + 1q^7,C3: (2 0 1) -> (0 3 1) ; C4: (1 2 0 1) -> (0 0 3 1) ; F4: (2 1 0 2) -> (0 1 3 0)
60194,11,3,C3+C4+F4,15,1q^2 + 3q^3 + 3q^4 + 2q^5 + 1q^6,C3: (2 0 1) -> (1 1 2) ; C4: (1 2 0 1) -> (0 1 1 2) ; F4: (2 1 0 2) -> (0 2 1 1)
60197,14,3,C3+C4+F4,4,1q^3 + 5q^4 + 7q^5 + 8q^6 + 5q^7 + 4q^8 + 2q^9 + 1q^10,C3: (2 0 1) -> (1 2 2) ; C4: (2 2 0 1) -> (0 1 2 2) ; F4: (3 1 0 2) -> (0 2 2 1)
60199,11,3,C3+C4+F4,17,2q^2 + 2q^3 + 1q^4 + 1q^5,C3: (2 0 1) -> (1 3 0) ; C4: (1 2 0 1) -> (0 1 3 0) ; F4: (1 1 0 2) -> (0 0 3 1)
60203,14,3,C3+C4+F4,4,2q^3 + 2q^4 + 5q^5 + 3q^6 + 3q^7 + 1q^8 + 1q^9,C3: (2 0 1) -> (2 0 3) ; C4: (2 2 0 1) -> (0 2 0 3) ; F4: (3 1 0 2) -> (0 3 0 2)
60206,14,3,C3+C4+F4,5,2q^2 + 4q^3 + 7q^4 + 5q^5 + 4q^6 + 2q^7 + 1q^8,C3: (2 0 1) -> (2 2 1) ; C4: (2 2 0 1) -> (0 2 2 1) ; F4: (2 1 0 2) -> (0 1 2 2)
60210,14,3,C3+C4+F4,3,1q^3 + 5q^4 + 10q^5 + 13q^6 + 12q^7 + 9q^8 + 6q^9 + 4q^10 + 2q^11 + 1q^12,C3: (2 0 1) -> (2 3 1) ; C4: (3 2 0 1) -> (0 2 3 1) ; F4: (3 1 0 2) -> (0 1 3 2)
60213,12,3,C3+C4+F4,8,3q^3 + 2q^4 + 3q^5 + 1q^6 + 1q^7,C3: (2 0 1) -> (3 0 2) ; C4: (2 2 0 1) -> (0 3 0 2) ; F4: (2 1 0 2) -> (0 2 0 3)
60216,14,3,C3+C4+F4,3,1q^3 + 6q^4 + 9q^5 + 10q^6 + 9q^7 + 6q^8 + 4q^9 + 2q^10 + 1q^11,C3: (2 0 1) -> (3 1 2) ; C4: (3 2 0 1) -> (0 3 1 2) ; F4: (3 1 0 2) -> (0 2 1 3)
60218,12,3,C3+C4+F4,9,2q^2 + 2q^3 + 3q^4 + 1q^5 + 1q^6,C3: (2 0 1) -> (3 2 0) ; C4: (2 2 0 1) -> (0 3 2 0) ; F4: (1 1 0 2) -> (0 0 2 3)
60222,14,3,C3+C4+F4,4,3q^3 + 4q^4 + 6q^5 + 6q^6 + 4q^7 + 3q^8 + 1q^9 + 1q^10,C3: (2 0 1) -> (3 3 0) ; C4: (3 2 0 1) -> (0 3 3 0) ; F4: (2 1 0 2) -> (0 0 3 3)
60227,12,3,C3+C4+F4,6,2q^3 + 3q^4 + 3q^5 + 1q^6 + 1q^7,C3: (2 0 2) -> (0 3 2) ; C4: (1 2 0 2) -> (0 0 3 2) ; F4: (2 2 0 2) -> (0 2 3 0)
60229,9,3,C3+C4+F4,30,1q^2 + 3q^3 + 3q^4 + 2q^5 + 1q^6,C3: (2 0 2) -> (1 1 3) ; C4: (1 2 0 2) -> (0 1 1 3) ; F4: (2 2 0 2) -> (0 3 1 1)
60231,13,3,C3+C4+F4,4,1q^3 + 5q^4 + 7q^5 + 9q^6 + 6q^7 + 4q^8 + 2q^9 + 1q^10,C3: (2 0 2) -> (1 2 3) ; C4: (2 2 0 2) -> (0 1 2 3) ; F4: (3 2 0 2) -> (0 3 2 1)
60232,9,3,C3+C4+F4,49,2q^2 + 3q^3 + 2q^4 + 1q^5,C3: (2 0 2) -> (1 3 1) ; C4: (1 2 0 2) -> (0 1 3 1) ; F4: (1 2 0 2) -> (0 1 3 1)
60236,13,3,C3+C4+F4,5,2q^2 + 4q^3 + 8q^4 + 6q^5 + 5q^6 + 2q^7 + 1q^8,C3: (2 0 2) -> (2 2 2) ; C4: (2 2 0 2) -> (0 2 2 2) ; F4: (2 2 0 2) -> (0 2 2 2)
60239,13,3,C3+C4+F4,3,1q^3 + 5q^4 + 12q^5 + 17q^6 + 15q^7 + 12q^8 + 7q^9 + 5q^10 + 2q^11 + 1q^12,C3: (2 0 2) -> (2 3 2) ; C4: (3 2 0 2) -> (0 2 3 2) ; F4: (3 2 0 2) -> (0 2 3 2)
60241,10,3,C3+C4+F4,20,3q^3 + 2q^4 + 3q^5 + 1q^6 + 1q^7,C3: (2 0 2) -> (3 0 3) ; C4: (2 2 0 2) -> (0 3 0 3) ; F4: (2 2 0 2) -> (0 3 0 3)
60243,13,3,C3+C4+F4,3,1q^3 + 6q^4 + 10q^5 + 11q^6 + 10q^7 + 7q^8 + 4q^9 + 2q^10 + 1q^11,C3: (2 0 2) -> (3 1 3) ; C4: (3 2 0 2) -> (0 3 1 3) ; F4: (3 2 0 2) -> (0 3 1 3)
60244,10,3,C3+C4+F4,30,2q^2 + 3q^3 + 4q^4 + 2q^5 + 1q^6,C3: (2 0 2) -> (3 2 1) ; C4: (2 2 0 2) -> (0 3 2 1) ; F4: (1 2 0 2) -> (0 1 2 3)
60248,13,3,C3+C4+F4,4,3q^3 + 7q^4 + 10q^5 + 10q^6 + 7q^7 + 4q^8 + 2q^9 + 1q^10,C3: (2 0 2) -> (3 3 1) ; C4: (3 2 0 2) -> (0 3 3 1) ; F4: (2 2 0 2) -> (0 1 3 3)
60251,11,3,C3+C4+F4,9,2q^3 + 3q^4 + 3q^5 + 1q^6 + 1q^7,C3: (2 0 3) -> (0 3 3) ; C4: (1 2 0 3) -> (0 0 3 3) ; F4: (2 3 0 2) -> (0 3 3 0)
60253,12,3,C3+C4+F4,8,2q^2 + 4q^3 + 8q^4 + 6q^5 + 5q^6 + 2q^7 + 1q^8,C3: (2 0 3) -> (2 2 3) ; C4: (2 2 0 3) -> (0 2 2 3) ; F4: (2 3 0 2) -> (0 3 2 2)
60255,14,3,C3+C4+F4,3,1q^3 + 5q^4 + 12q^5 + 17q^6 + 16q^7 + 13q^8 + 8q^9 + 5q^10 + 2q^11 + 1q^12,C3: (2 0 3) -> (2 3 3) ; C4: (3 2 0 3) -> (0 2 3 3) ; F4: (3 3 0 2) -> (0 3 3 2)
60257,14,3,C3+C4+F4,4,3q^3 + 7q^4 + 11q^5 + 11q^6 + 8q^7 + 5q^8 + 2q^9 + 1q^10,C3: (2 0 3) -> (3 3 2) ; C4: (3 2 0 3) -> (0 3 3 2) ; F4: (2 3 0 2) -> (0 2 3 3)
60260,14,3,C3+C4+F4,5,1q^3 + 3q^4 + 2q^5 + 3q^6 + 1q^7 + 1q^8,C3: (2 1 0) -> (0 2 2) ; C4: (1 2 1 0) -> (0 0 2 2) ; F4: (3 0 1 2) -> (0 2 2 0)
60265,12,3,C3+C4+F4,13,1q^3 + 2q^4 + 2q^5 + 1q^6 + 1q^7,C3: (2 1 0) -> (1 0 3) ; C4: (1 2 1 0) -> (0 1 0 3) ; F4: (3 0 1 2) -> (0 3 0 1)
60268,12,3,C3+C4+F4,15,2q^2 + 3q^3 + 3q^4 + 2q^5 + 1q^6,C3: (2 1 0) -> (1 2 1) ; C4: (1 2 1 0) -> (0 1 2 1) ; F4: (2 0 1 2) -> (0 1 2 1)
60272,13,3,C3+C4+F4,4,2q^3 + 5q^4 + 7q^5 + 7q^6 + 5q^7 + 3q^8 + 2q^9 + 1q^10,C3: (2 1 0) -> (1 3 1) ; C4: (2 2 1 0) -> (0 1 3 1) ; F4: (3 0 1 2) -> (0 1 3 1)
60276,13,3,C3+C4+F4,4,3q^3 + 5q^4 + 7q^5 + 5q^6 + 4q^7 + 2q^8 + 1q^9,C3: (2 1 0) -> (2 1 2) ; C4: (2 2 1 0) -> (0 2 1 2) ; F4: (3 0 1 2) -> (0 2 1 2)
60281,13,3,C3+C4+F4,5,2q^2 + 2q^3 + 5q^4 + 3q^5 + 3q^6 + 1q^7 + 1q^8,C3: (2 1 0) -> (2 3 0) ; C4: (2 2 1 0) -> (0 2 3 0) ; F4: (2 0 1 2) -> (0 0 3 2)
60287,11,3,C3+C4+F4,8,2q^2 + 4q^3 + 4q^4 + 3q^5 + 2q^6 + 1q^7,C3: (2 1 0) -> (3 1 1) ; C4: (2 2 1 0) -> (0 3 1 1) ; F4: (2 0 1 2) -> (0 1 1 3)
60291,14,3,C3+C4+F4,3,3q^3 + 6q^4 + 10q^5 + 10q^6 + 9q^7 + 6q^8 + 4q^9 + 2q^10 + 1q^11,C3: (2 1 0) -> (3 2 1) ; C4: (3 2 1 0) -> (0 3 2 1) ; F4: (3 0 1 2) -> (0 1 2 3)
60298,14,3,C3+C4+F4,5,1q^3 + 3q^4 + 3q^5 + 3q^6 + 1q^7 + 1q^8,C3: (2 1 1) -> (0 2 3) ; C4: (1 2 1 1) -> (0 0 2 3) ; F4: (3 1 1 2) -> (0 3 2 0)
60302,12,3,C3+C4+F4,15,2q^2 + 4q^3 + 4q^4 + 2q^5 + 1q^6,C3: (2 1 1) -> (1 2 2) ; C4: (1 2 1 1) -> (0 1 2 2) ; F4: (2 1 1 2) -> (0 2 2 1)
60305,13,3,C3+C4+F4,4,2q^3 + 7q^4 + 10q^5 + 9q^6 + 6q^7 + 4q^8 + 2q^9 + 1q^10,C3: (2 1 1) -> (1 3 2) ; C4: (2 2 1 1) -> (0 1 3 2) ; F4: (3 1 1 2) -> (0 2 3 1)
60307,13,3,C3+C4+F4,4,3q^3 + 6q^4 + 8q^5 + 6q^6 + 4q^7 + 2q^8 + 1q^9,C3: (2 1 1) -> (2 1 3) ; C4: (2 2 1 1) -> (0 2 1 3) ; F4: (3 1 1 2) -> (0 3 1 2)
60310,13,3,C3+C4+F4,5,2q^2 + 5q^3 + 8q^4 + 6q^5 + 4q^6 + 2q^7 + 1q^8,C3: (2 1 1) -> (2 3 1) ; C4: (2 2 1 1) -> (0 2 3 1) ; F4: (2 1 1 2) -> (0 1 3 2)
60314,11,3,C3+C4+F4,8,2q^2 + 5q^3 + 5q^4 + 4q^5 + 2q^6 + 1q^7,C3: (2 1 1) -> (3 1 2) ; C4: (2 2 1 1) -> (0 3 1 2) ; F4: (2 1 1 2) -> (0 2 1 3)
60317,14,3,C3+C4+F4,3,3q^3 + 9q^4 + 14q^5 + 14q^6 + 12q^7 + 7q^8 + 5q^9 + 2q^10 + 1q^11,C3: (2 1 1) -> (3 2 2) ; C4: (3 2 1 1) -> (0 3 2 2) ; F4: (3 1 1 2) -> (0 2 2 3)
60319,10,3,C3+C4+F4,9,2q^2 + 3q^3 + 3q^4 + 1q^5 + 1q^6,C3: (2 1 1) -> (3 3 0) ; C4: (2 2 1 1) -> (0 3 3 0) ; F4: (1 1 1 2) -> (0 0 3 3)
60324,10,3,C3+C4+F4,30,2q^2 + 4q^3 + 4q^4 + 2q^5 + 1q^6,C3: (2 1 2) -> (1 2 3) ; C4: (1 2 1 2) -> (0 1 2 3) ; F4: (2 2 1 2) -> (0 3 2 1)
60326,12,3,C3+C4+F4,4,2q^3 + 7q^4 + 10q^5 + 10q^6 + 7q^7 + 4q^8 + 2q^9 + 1q^10,C3: (2 1 2) -> (1 3 3) ; C4: (2 2 1 2) -> (0 1 3 3) ; F4: (3 2 1 2) -> (0 3 3 1)
60328,12,3,C3+C4+F4,5,2q^2 + 5q^3 + 9q^4 + 7q^5 + 5q^6 + 2q^7 + 1q^8,C3: (2 1 2) -> (2 3 2) ; C4: (2 2 1 2) -> (0 2 3 2) ; F4: (2 2 1 2) -> (0 2 3 2)
60330,9,3,C3+C4+F4,20,2q^2 + 5q^3 + 5q^4 + 4q^5 + 2q^6 + 1q^7,C3: (2 1 2) -> (3 1 3) ; C4: (2 2 1 2) -> (0 3 1 3) ; F4: (2 2 1 2) -> (0 3 1 3)
60332,13,3,C3+C4+F4,3,3q^3 + 9q^4 + 15q^5 + 15q^6 + 13q^7 + 8q^8 + 5q^9 + 2q^10 + 1q^11,C3: (2 1 2) -> (3 2 3) ; C4: (3 2 1 2) -> (0 3 2 3) ; F4: (3 2 1 2) -> (0 3 2 3)
60333,8,3,C3+C4+F4,30,2q^2 + 4q^3 + 4q^4 + 2q^5 + 1q^6,C3: (2 1 2) -> (3 3 1) ; C4: (2 2 1 2) -> (0 3 3 1) ; F4: (1 2 1 2) -> (0 1 3 3)
60336,11,3,C3+C4+F4,8,2q^2 + 5q^3 + 9q^4 + 7q^5 + 5q^6 + 2q^7 + 1q^8,C3: (2 1 3) -> (2 3 3) ; C4: (2 2 1 3) -> (0 2 3 3) ; F4: (2 3 1 2) -> (0 3 3 2)
60339,14,3,C3+C4+F4,5,1q^3 + 4q^4 + 3q^5 + 3q^6 + 1q^7 + 1q^8,C3: (2 2 0) -> (0 3 2) ; C4: (1 2 2 0) -> (0 0 3 2) ; F4: (3 0 2 2) -> (0 2 3 0)
60341,12,3,C3+C4+F4,13,2q^3 + 4q^4 + 3q^5 + 2q^6 + 1q^7,C3: (2 2 0) -> (1 1 3) ; C4: (1 2 2 0) -> (0 1 1 3) ; F4: (3 0 2 2) -> (0 3 1 1)
60344,12,3,C3+C4+F4,15,2q^2 + 4q^3 + 3q^4 + 2q^5 + 1q^6,C3: (2 2 0) -> (1 3 1) ; C4: (1 2 2 0) -> (0 1 3 1) ; F4: (2 0 2 2) -> (0 1 3 1)
60348,14,3,C3+C4+F4,4,5q^3 + 7q^4 + 10q^5 + 6q^6 + 5q^7 + 2q^8 + 1q^9,C3: (2 2 0) -> (2 2 2) ; C4: (2 2 2 0) -> (0 2 2 2) ; F4: (3 0 2 2) -> (0 2 2 2)
60353,12,3,C3+C4+F4,7,1q^3 + 4q^4 + 3q^5 + 3q^6 + 1q^7 + 1q^8,C3: (2 2 0) -> (3 0 3) ; C4: (2 2 2 0) -> (0 3 0 3) ; F4: (3 0 2 2) -> (0 3 0 3)
60356,12,3,C3+C4+F4,8,2q^2 + 5q^3 + 5q^4 + 4q^5 + 2q^6 + 1q^7,C3: (2 2 0) -> (3 2 1) ; C4: (2 2 2 0) -> (0 3 2 1) ; F4: (2 0 2 2) -> (0 1 2 3)
60360,13,3,C3+C4+F4,3,3q^3 + 8q^4 + 12q^5 + 13q^6 + 10q^7 + 7q^8 + 4q^9 + 2q^10 + 1q^11,C3: (2 2 0) -> (3 3 1) ; C4: (3 2 2 0) -> (0 3 3 1) ; F4: (3 0 2 2) -> (0 1 3 3)
60363,14,3,C3+C4+F4,5,1q^3 + 4q^4 + 4q^5 + 3q^6 + 1q^7 + 1q^8,C3: (2 2 1) -> (0 3 3) ; C4: (1 2 2 1) -> (0 0 3 3) ; F4: (3 1 2 2) -> (0 3 3 0)
60365,12,3,C3+C4+F4,15,2q^2 + 5q^3 + 4q^4 + 2q^5 + 1q^6,C3: (2 2 1) -> (1 3 2) ; C4: (1 2 2 1) -> (0 1 3 2) ; F4: (2 1 2 2) -> (0 2 3 1)
60367,14,3,C3+C4+F4,4,5q^3 + 8q^4 + 11q^5 + 7q^6 + 5q^7 + 2q^8 + 1q^9,C3: (2 2 1) -> (2 2 3) ; C4: (2 2 2 1) -> (0 2 2 3) ; F4: (3 1 2 2) -> (0 3 2 2)
60371,12,3,C3+C4+F4,8,2q^2 + 6q^3 + 6q^4 + 5q^5 + 2q^6 + 1q^7,C3: (2 2 1) -> (3 2 2) ; C4: (2 2 2 1) -> (0 3 2 2) ; F4: (2 1 2 2) -> (0 2 2 3)
60374,13,3,C3+C4+F4,3,3q^3 + 11q^4 + 16q^5 + 17q^6 + 13q^7 + 8q^8 + 5q^9 + 2q^10 + 1q^11,C3: (2 2 1) -> (3 3 2) ; C4: (3 2 2 1) -> (0 3 3 2) ; F4: (3 1 2 2) -> (0 2 3 3)
60376,10,3,C3+C4+F4,30,2q^2 + 5q^3 + 4q^4 + 2q^5 + 1q^6,C3: (2 2 2) -> (1 3 3) ; C4: (1 2 2 2) -> (0 1 3 3) ; F4: (2 2 2 2) -> (0 3 3 1)
60378,10,3,C3+C4+F4,20,2q^2 + 6q^3 + 6q^4 + 5q^5 + 2q^6 + 1q^7,C3: (2 2 2) -> (3 2 3) ; C4: (2 2 2 2) -> (0 3 2 3) ; F4: (2 2 2 2) -> (0 3 2 3)
60380,12,3,C3+C4+F4,3,3q^3 + 11q^4 + 17q^5 + 18q^6 + 14q^7 + 9q^8 + 5q^9 + 2q^10 + 1q^11,C3: (2 2 2) -> (3 3 3) ; C4: (3 2 2 2) -> (0 3 3 3) ; F4: (3 2 2 2) -> (0 3 3 3)
60382,12,3,C3+C4+F4,13,3q^3 + 5q^4 + 4q^5 + 2q^6 + 1q^7,C3: (2 3 0) -> (1 2 3) ; C4: (1 2 3 0) -> (0 1 2 3) ; F4: (3 0 3 2) -> (0 3 2 1)
60386,14,3,C3+C4+F4,4,5q^3 + 8q^4 + 11q^5 + 7q^6 + 5q^7 + 2q^8 + 1q^9,C3: (2 3 0) -> (2 3 2) ; C4: (2 2 3 0) -> (0 2 3 2) ; F4: (3 0 3 2) -> (0 2 3 2)
60388,12,3,C3+C4+F4,7,3q^3 + 6q^4 + 6q^5 + 4q^6 + 2q^7 + 1q^8,C3: (2 3 0) -> (3 1 3) ; C4: (2 2 3 0) -> (0 3 1 3) ; F4: (3 0 3 2) -> (0 3 1 3)
60391,11,3,C3+C4+F4,8,2q^2 + 5q^3 + 6q^4 + 4q^5 + 2q^6 + 1q^7,C3: (2 3 0) -> (3 3 1) ; C4: (2 2 3 0) -> (0 3 3 1) ; F4: (2 0 3 2) -> (0 1 3 3)
60395,14,3,C3+C4+F4,4,5q^3 + 9q^4 + 12q^5 + 8q^6 + 5q^7 + 2q^8 + 1q^9,C3: (2 3 1) -> (2 3 3) ; C4: (2 2 3 1) -> (0 2 3 3) ; F4: (3 1 3 2) -> (0 3 3 2)
60397,11,3,C3+C4+F4,8,2q^2 + 6q^3 + 7q^4 + 5q^5 + 2q^6 + 1q^7,C3: (2 3 1) -> (3 3 2) ; C4: (2 2 3 1) -> (0 3 3 2) ; F4: (2 1 3 2) -> (0 2 3 3)
60399,9,3,C3+C4+F4,20,2q^2 + 6q^3 + 7q^4 + 5q^5 + 2q^6 + 1q^7,C3: (2 3 2) -> (3 3 3) ; C4: (2 2 3 2) -> (0 3 3 3) ; F4: (2 2 3 2) -> (0 3 3 3)
60403,13,3,C3+C4+F4,5,1q^3 + 1q^4 + 2q^5 + 3q^6 + 2q^7 + 1q^8 + 1q^9,C3: (3 0 0) -> (0 3 1) ; C4: (1 3 0 0) -> (0 0 3 1) ; F4: (3 0 0 3) -> (0 1 3 0)
60407,11,3,C3+C4+F4,8,1q^3 + 2q^4 + 3q^5 + 3q^6 + 2q^7 + 1q^8,C3: (3 0 0) -> (1 1 2) ; C4: (1 3 0 0) -> (0 1 1 2) ; F4: (3 0 0 3) -> (0 2 1 1)
60412,11,3,C3+C4+F4,9,1q^2 + 1q^3 + 2q^4 + 2q^5 + 1q^6 + 1q^7,C3: (3 0 0) -> (1 3 0) ; C4: (1 3 0 0) -> (0 1 3 0) ; F4: (2 0 0 3) -> (0 0 3 1)
60419,14,3,C3+C4+F4,4,1q^3 + 4q^4 + 5q^5 + 7q^6 + 5q^7 + 4q^8 + 2q^9 + 1q^10,C3: (3 0 0) -> (2 2 1) ; C4: (2 3 0 0) -> (0 2 2 1) ; F4: (3 0 0 3) -> (0 1 2 2)
60426,12,3,C3+C4+F4,7,2q^3 + 1q^4 + 4q^5 + 2q^6 + 3q^7 + 1q^8 + 1q^9,C3: (3 0 0) -> (3 0 2) ; C4: (2 3 0 0) -> (0 3 0 2) ; F4: (3 0 0 3) -> (0 2 0 3)
60431,12,3,C3+C4+F4,8,2q^2 + 1q^3 + 4q^4 + 2q^5 + 3q^6 + 1q^7 + 1q^8,C3: (3 0 0) -> (3 2 0) ; C4: (2 3 0 0) -> (0 3 2 0) ; F4: (2 0 0 3) -> (0 0 2 3)
60435,13,3,C3+C4+F4,3,2q^3 + 2q^4 + 5q^5 + 6q^6 + 6q^7 + 6q^8 + 4q^9 + 3q^10 + 1q^11 + 1q^12,C3: (3 0 0) -> (3 3 0) ; C4: (3 3 0 0) -> (0 3 3 0) ; F4: (3 0 0 3) -> (0 0 3 3)
60440,13,3,C3+C4+F4,5,1q^3 + 2q^4 + 4q^5 + 3q^6 + 3q^7 + 1q^8 + 1q^9,C3: (3 0 1) -> (0 3 2) ; C4: (1 3 0 1) -> (0 0 3 2) ; F4: (3 1 0 3) -> (0 2 3 0)
60442,11,3,C3+C4+F4,8,1q^3 + 3q^4 + 4q^5 + 3q^6 + 2q^7 + 1q^8,C3: (3 0 1) -> (1 1 3) ; C4: (1 3 0 1) -> (0 1 1 3) ; F4: (3 1 0 3) -> (0 3 1 1)
60445,11,3,C3+C4+F4,9,1q^2 + 3q^3 + 4q^4 + 3q^5 + 2q^6 + 1q^7,C3: (3 0 1) -> (1 3 1) ; C4: (1 3 0 1) -> (0 1 3 1) ; F4: (2 1 0 3) -> (0 1 3 1)
60449,14,3,C3+C4+F4,4,1q^3 + 7q^4 + 8q^5 + 10q^6 + 6q^7 + 5q^8 + 2q^9 + 1q^10,C3: (3 0 1) -> (2 2 2) ; C4: (2 3 0 1) -> (0 2 2 2) ; F4: (3 1 0 3) -> (0 2 2 2)
60454,12,3,C3+C4+F4,7,2q^3 + 2q^4 + 5q^5 + 3q^6 + 3q^7 + 1q^8 + 1q^9,C3: (3 0 1) -> (3 0 3) ; C4: (2 3 0 1) -> (0 3 0 3) ; F4: (3 1 0 3) -> (0 3 0 3)
60457,12,3,C3+C4+F4,8,2q^2 + 4q^3 + 7q^4 + 5q^5 + 4q^6 + 2q^7 + 1q^8,C3: (3 0 1) -> (3 2 1) ; C4: (2 3 0 1) -> (0 3 2 1) ; F4: (2 1 0 3) -> (0 1 2 3)
60461,14,3,C3+C4+F4,3,2q^3 + 6q^4 + 11q^5 + 14q^6 + 13q^7 + 10q^8 + 7q^9 + 4q^10 + 2q^11 + 1q^12,C3: (3 0 1) -> (3 3 1) ; C4: (3 3 0 1) -> (0 3 3 1) ; F4: (3 1 0 3) -> (0 1 3 3)
60464,13,3,C3+C4+F4,5,1q^3 + 2q^4 + 4q^5 + 4q^6 + 3q^7 + 1q^8 + 1q^9,C3: (3 0 2) -> (0 3 3) ; C4: (1 3 0 2) -> (0 0 3 3) ; F4: (3 2 0 3) -> (0 3 3 0)
60466,11,3,C3+C4+F4,9,1q^2 + 3q^3 + 5q^4 + 4q^5 + 2q^6 + 1q^7,C3: (3 0 2) -> (1 3 2) ; C4: (1 3 0 2) -> (0 1 3 2) ; F4: (2 2 0 3) -> (0 2 3 1)
60468,14,3,C3+C4+F4,4,1q^3 + 7q^4 + 9q^5 + 11q^6 + 7q^7 + 5q^8 + 2q^9 + 1q^10,C3: (3 0 2) -> (2 2 3) ; C4: (2 3 0 2) -> (0 2 2 3) ; F4: (3 2 0 3) -> (0 3 2 2)
60472,12,3,C3+C4+F4,8,2q^2 + 4q^3 + 8q^4 + 6q^5 + 5q^6 + 2q^7 + 1q^8,C3: (3 0 2) -> (3 2 2) ; C4: (2 3 0 2) -> (0 3 2 2) ; F4: (2 2 0 3) -> (0 2 2 3)
60475,14,3,C3+C4+F4,3,2q^3 + 6q^4 + 14q^5 + 18q^6 + 17q^7 + 13q^8 + 8q^9 + 5q^10 + 2q^11 + 1q^12,C3: (3 0 2) -> (3 3 2) ; C4: (3 3 0 2) -> (0 3 3 2) ; F4: (3 2 0 3) -> (0 2 3 3)
60477,9,3,C3+C4+F4,21,1q^2 + 3q^3 + 5q^4 + 4q^5 + 2q^6 + 1q^7,C3: (3 0 3) -> (1 3 3) ; C4: (1 3 0 3) -> (0 1 3 3) ; F4: (2 3 0 3) -> (0 3 3 1)
60479,10,3,C3+C4+F4,20,2q^2 + 4q^3 + 8q^4 + 6q^5 + 5q^6 + 2q^7 + 1q^8,C3: (3 0 3) -> (3 2 3) ; C4: (2 3 0 3) -> (0 3 2 3) ; F4: (2 3 0 3) -> (0 3 2 3)
60481,13,3,C3+C4+F4,3,2q^3 + 6q^4 + 14q^5 + 19q^6 + 18q^7 + 14q^8 + 9q^9 + 5q^10 + 2q^11 + 1q^12,C3: (3 0 3) -> (3 3 3) ; C4: (3 3 0 3) -> (0 3 3 3) ; F4: (3 3 0 3) -> (0 3 3 3)
60486,12,3,C3+C4+F4,8,2q^3 + 4q^4 + 4q^5 + 4q^6 + 2q^7 + 1q^8,C3: (3 1 0) -> (1 2 2) ; C4: (1 3 1 0) -> (0 1 2 2) ; F4: (3 0 1 3) -> (0 2 2 1)
60494,13,3,C3+C4+F4,4,3q^3 + 6q^4 + 8q^5 + 8q^6 + 6q^7 + 4q^8 + 2q^9 + 1q^10,C3: (3 1 0) -> (2 3 1) ; C4: (2 3 1 0) -> (0 2 3 1) ; F4: (3 0 1 3) -> (0 1 3 2)
60498,11,3,C3+C4+F4,7,3q^3 + 5q^4 + 7q^5 + 5q^6 + 4q^7 + 2q^8 + 1q^9,C3: (3 1 0) -> (3 1 2) ; C4: (2 3 1 0) -> (0 3 1 2) ; F4: (3 0 1 3) -> (0 2 1 3)
60503,11,3,C3+C4+F4,8,2q^2 + 2q^3 + 5q^4 + 3q^5 + 3q^6 + 1q^7 + 1q^8,C3: (3 1 0) -> (3 3 0) ; C4: (2 3 1 0) -> (0 3 3 0) ; F4: (2 0 1 3) -> (0 0 3 3)
60508,12,3,C3+C4+F4,8,2q^3 + 5q^4 + 5q^5 + 4q^6 + 2q^7 + 1q^8,C3: (3 1 1) -> (1 2 3) ; C4: (1 3 1 1) -> (0 1 2 3) ; F4: (3 1 1 3) -> (0 3 2 1)
60512,13,3,C3+C4+F4,4,3q^3 + 9q^4 + 11q^5 + 11q^6 + 7q^7 + 5q^8 + 2q^9 + 1q^10,C3: (3 1 1) -> (2 3 2) ; C4: (2 3 1 1) -> (0 2 3 2) ; F4: (3 1 1 3) -> (0 2 3 2)
60514,11,3,C3+C4+F4,7,3q^3 + 6q^4 + 8q^5 + 6q^6 + 4q^7 + 2q^8 + 1q^9,C3: (3 1 1) -> (3 1 3) ; C4: (2 3 1 1) -> (0 3 1 3) ; F4: (3 1 1 3) -> (0 3 1 3)
60517,11,3,C3+C4+F4,8,2q^2 + 5q^3 + 8q^4 + 6q^5 + 4q^6 + 2q^7 + 1q^8,C3: (3 1 1) -> (3 3 1) ; C4: (2 3 1 1) -> (0 3 3 1) ; F4: (2 1 1 3) -> (0 1 3 3)
60521,13,3,C3+C4+F4,4,3q^3 + 9q^4 + 12q^5 + 12q^6 + 8q^7 + 5q^8 + 2q^9 + 1q^10,C3: (3 1 2) -> (2 3 3) ; C4: (2 3 1 2) -> (0 2 3 3) ; F4: (3 2 1 3) -> (0 3 3 2)
60523,11,3,C3+C4+F4,8,2q^2 + 5q^3 + 9q^4 + 7q^5 + 5q^6 + 2q^7 + 1q^8,C3: (3 1 2) -> (3 3 2) ; C4: (2 3 1 2) -> (0 3 3 2) ; F4: (2 2 1 3) -> (0 2 3 3)
60525,9,3,C3+C4+F4,20,2q^2 + 5q^3 + 9q^4 + 7q^5 + 5q^6 + 2q^7 + 1q^8,C3: (3 1 3) -> (3 3 3) ; C4: (2 3 1 3) -> (0 3 3 3) ; F4: (2 3 1 3) -> (0 3 3 3)
60528,12,3,C3+C4+F4,8,3q^3 + 5q^4 + 5q^5 + 4q^6 + 2q^7 + 1q^8,C3: (3 2 0) -> (1 3 2) ; C4: (1 3 2 0) -> (0 1 3 2) ; F4: (3 0 2 3) -> (0 2 3 1)
60534,12,3,C3+C4+F4,7,5q^3 + 7q^4 + 10q^5 + 6q^6 + 5q^7 + 2q^8 + 1q^9,C3: (3 2 0) -> (3 2 2) ; C4: (2 3 2 0) -> (0 3 2 2) ; F4: (3 0 2 3) -> (0 2 2 3)
60539,12,3,C3+C4+F4,8,3q^3 + 6q^4 + 6q^5 + 4q^6 + 2q^7 + 1q^8,C3: (3 2 1) -> (1 3 3) ; C4: (1 3 2 1) -> (0 1 3 3) ; F4: (3 1 2 3) -> (0 3 3 1)
60541,12,3,C3+C4+F4,7,5q^3 + 8q^4 + 11q^5 + 7q^6 + 5q^7 + 2q^8 + 1q^9,C3: (3 2 1) -> (3 2 3) ; C4: (2 3 2 1) -> (0 3 2 3) ; F4: (3 1 2 3) -> (0 3 2 3)
60548,12,3,C3+C4+F4,7,5q^3 + 8q^4 + 11q^5 + 7q^6 + 5q^7 + 2q^8 + 1q^9,C3: (3 3 0) -> (3 3 2) ; C4: (2 3 3 0) -> (0 3 3 2) ; F4: (3 0 3 3) -> (0 2 3 3)
60550,12,3,C3+C4+F4,7,5q^3 + 9q^4 + 12q^5 + 8q^6 + 5q^7 + 2q^8 + 1q^9,C3: (3 3 1) -> (3 3 3) ; C4: (2 3 3 1) -> (0 3 3 3) ; F4: (3 1 3 3) -> (0 3 3 3)
95636,2,5,A1+A2+A3+B2+G2,240,1q^4,A1: (0) -> (8) ; A2: (0 10) -> (8 6) ; A3: (0 4 0) -> (0 0 8) ; B2: (0 10) -> (8 2) ; G2: (12 0) -> (0 8)
97305,2,2,A1+B2,20,0,A1: (0) -> (9) ; B2: (0 10) -> (9 1)
97306,2,3,A1+A2+B2,60,1q^5,A1: (0) -> (10) ; A2: (0 10) -> (10 5) ; B2: (0 10) -> (10 0)
102812,2,2,A1+B2,6,0,A1: (0) -> (11) ; B2: (0 11) -> (11 0)
102813,2,3,A1+A2+B2,16,1q^6,A1: (0) -> (12) ; A2: (0 10) -> (12 4) ; B2: (0 12) -> (12 0)
132568,16,4,A4+A5+D5+E6,19,1q + 1q^2 + 1q^3 + 1q^4,A4: (0 0 0 0) -> (1 0 0 1) ; A5: (0 0 0 0 1) -> (1 0 0 1 0) ; D5: (0 0 0 0 1) -> (1 0 0 1 0) ; E6: (0 0 0 0 1 0) -> (1 1 0 0 0 0)
132711,16,4,A4+A5+D5+E6,74,1q + 2q^2 + 2q^3 + 1q^4,A4: (0 0 1 0) -> (1 0 1 1) ; A5: (0 0 1 0 1) -> (1 0 1 1 0) ; D5: (0 0 1 0 1) -> (1 0 1 1 0) ; E6: (0 0 0 1 1 0) -> (1 1 0 1 0 0)
132955,16,4,A4+A5+D5+E6,91,1q + 3q^2 + 3q^3 + 1q^4,A4: (0 1 1 0) -> (1 1 1 1) ; A5: (0 1 1 0 1) -> (1 1 1 1 0) ; D5: (0 1 1 0 1) -> (1 1 1 1 0) ; E6: (0 0 1 1 1 0) -> (0 1 0 1 1 1)
133622,8,2,B4+F4,54,1q^2 + 1q^3,B4: (0 0 2 0) -> (1 1 0 2) ; F4: (0 0 3 0) -> (1 1 0 2)
137523,23,3,D4+D5+E6,3,1q + 2q^3 + 1q^5,D4: (0 0 0 0) -> (0 1 0 0) ; D5: (1 0 0 0 0) -> (0 0 1 0 0) ; E6: (1 0 0 0 0 1) -> (0 0 0 1 0 0)
137550,22,3,D4+D5+E6,15,1q + 1q^2 + 2q^3 + 1q^4 + 1q^5,D4: (0 0 0 1) -> (0 1 0 1) ; D5: (1 0 0 0 1) -> (0 0 1 0 1) ; E6: (1 0 0 0 1 1) -> (0 0 0 1 1 0)
137626,20,3,D4+D5+E6,33,1q + 2q^2 + 3q^3 + 2q^4 + 1q^5,D4: (0 0 1 1) -> (0 1 1 1) ; D5: (1 0 0 1 1) -> (0 0 1 1 1) ; E6: (1 0 1 0 1 1) -> (0 0 1 1 1 0)
137725,16,3,D4+D5+E6,29,1q + 3q^2 + 2q^3 + 1q^4,D4: (0 1 0 0) -> (1 0 1 1) ; D5: (1 0 1 0 0) -> (0 1 0 1 1) ; E6: (1 0 0 1 0 1) -> (0 1 1 0 1 0)
137870,16,3,D4+D5+E6,29,1q + 4q^2 + 5q^3 + 3q^4 + 1q^5,D4: (1 0 1 1) -> (1 1 1 1) ; D5: (1 1 0 1 1) -> (0 1 1 1 1) ; E6: (1 1 1 0 1 1) -> (0 1 1 1 1 0)
138965,8,2,C4+F4,54,1q^2 + 1q^3,C4: (0 0 3 0) -> (1 1 0 2) ; F4: (0 2 0 0) -> (2 0 1 1)
147924,10,2,B4+F4,8,1q^4,B4: (0 0 2 0) -> (3 0 0 2) ; F4: (0 0 3 0) -> (3 0 0 2)
150203,8,2,B4+F4,24,1q^3 + 1q^4,B4: (0 1 2 0) -> (3 1 0 2) ; F4: (0 1 3 0) -> (3 1 0 2)
168003,10,2,C4+F4,8,1q^4,C4: (0 0 3 0) -> (3 0 0 2) ; F4: (0 2 0 0) -> (2 0 0 3)
169909,8,2,C4+F4,24,1q^3 + 1q^4,C4: (0 1 3 0) -> (3 1 0 2) ; F4: (0 2 1 0) -> (2 0 1 3)
214275,56,2,A5+E6,8,0,A5: (0 0 0 0 0) -> (0 0 0 1 0) ; E6: (0 1 0 0 0 0) -> (0 0 0 0 1 0)
214287,32,2,A5+E6,2,1q + 1q^2 + 1q^3 + 1q^4 + 1q^5,A5: (0 0 0 0 0) -> (1 0 0 0 1) ; E6: (0 1 0 0 0 0) -> (1 0 0 0 0 1)
214293,49,2,A5+E6,8,0,A5: (0 0 0 0 1) -> (0 0 0 1 1) ; E6: (0 1 0 0 0 1) -> (0 0 0 0 1 1)
214312,36,2,A5+E6,8,0,A5: (0 0 0 1 0) -> (0 0 1 0 1) ; E6: (0 1 0 0 1 0) -> (0 0 0 1 0 1)
214316,50,2,A5+E6,8,0,A5: (0 0 0 1 0) -> (0 1 0 1 0) ; E6: (0 1 0 0 1 0) -> (0 0 1 0 1 0)
214322,32,2,A5+E6,4,1q + 2q^2 + 2q^3 + 2q^4 + 1q^5,A5: (0 0 0 1 0) -> (1 0 0 1 1) ; E6: (0 1 0 0 1 0) -> (1 0 0 0 1 1)
214326,50,2,A5+E6,4,0,A5: (0 0 0 1 0) -> (1 1 0 0 1) ; E6: (0 1 0 0 1 0) -> (1 0 1 0 0 1)
214337,50,2,A5+E6,8,0,A5: (0 0 1 0 0) -> (0 0 1 1 0) ; E6: (0 1 0 1 0 0) -> (0 0 0 1 1 0)
214339,16,2,A5+E6,24,0,A5: (0 0 1 0 0) -> (0 1 0 0 1) ; E6: (0 0 0 1 0 0) -> (0 0 1 0 0 1)
214341,71,2,A5+E6,4,0,A5: (0 0 1 0 0) -> (0 1 0 1 1) ; E6: (0 1 0 1 0 0) -> (0 0 1 0 1 1)
214346,32,2,A5+E6,2,1q + 2q^2 + 3q^3 + 2q^4 + 1q^5,A5: (0 0 1 0 0) -> (1 0 1 0 1) ; E6: (0 1 0 1 0 0) -> (1 0 0 1 0 1)
214350,41,2,A5+E6,8,0,A5: (0 0 1 0 1) -> (0 0 1 1 1) ; E6: (0 1 0 1 0 1) -> (0 0 0 1 1 1)
214354,60,2,A5+E6,4,0,A5: (0 0 1 0 1) -> (1 1 0 1 1) ; E6: (0 1 0 1 0 1) -> (1 0 1 0 1 1)
214357,44,2,A5+E6,8,0,A5: (0 0 1 1 0) -> (0 1 1 1 0) ; E6: (0 1 0 1 1 0) -> (0 0 1 1 1 0)
214359,32,2,A5+E6,4,1q + 3q^2 + 4q^3 + 3q^4 + 1q^5,A5: (0 0 1 1 0) -> (1 0 1 1 1) ; E6: (0 1 0 1 1 0) -> (1 0 0 1 1 1)
214361,44,2,A5+E6,4,0,A5: (0 0 1 1 0) -> (1 1 1 0 1) ; E6: (0 1 0 1 1 0) -> (1 0 1 1 0 1)
214365,44,2,A5+E6,8,0,A5: (0 1 0 0 1) -> (0 1 0 1 1) ; E6: (0 1 1 0 0 1) -> (0 0 1 0 1 1)
214374,32,2,A5+E6,8,0,A5: (0 1 0 1 0) -> (0 1 1 0 1) ; E6: (0 1 1 0 1 0) -> (0 0 1 1 0 1)
214379,32,2,A5+E6,2,1q + 3q^2 + 4q^3 + 3q^4 + 1q^5,A5: (0 1 0 1 0) -> (1 1 0 1 1) ; E6: (0 1 1 0 1 0) -> (1 0 1 0 1 1)
214382,36,2,A5+E6,8,0,A5: (0 1 1 0 1) -> (0 1 1 1 1) ; E6: (0 1 1 1 0 1) -> (0 0 1 1 1 1)
214384,32,2,A5+E6,2,1q + 4q^2 + 6q^3 + 4q^4 + 1q^5,A5: (0 1 1 1 0) -> (1 1 1 1 1) ; E6: (0 1 1 1 1 0) -> (1 0 1 1 1 1)
214401,54,2,D5+E6,3,1q + 1q^3 + 1q^4 + 1q^5 + 1q^7,D5: (0 0 0 0 0) -> (0 1 0 0 0) ; E6: (0 0 0 0 0 1) -> (0 0 1 0 0 0)
214422,59,2,D5+E6,4,1q^2 + 2q^3 + 2q^4 + 3q^5 + 3q^6 + 2q^7 + 1q^8 + 1q^9,D5: (0 0 0 0 1) -> (0 0 1 1 0) ; E6: (0 0 0 0 1 1) -> (0 1 0 1 0 0)
214424,52,2,D5+E6,6,1q + 1q^2 + 2q^3 + 2q^4 + 2q^5 + 1q^6 + 1q^7,D5: (0 0 0 0 1) -> (0 1 0 0 1) ; E6: (0 0 0 0 1 1) -> (0 0 1 0 1 0)
214438,61,2,D5+E6,4,1q^2 + 2q^3 + 4q^4 + 6q^5 + 6q^6 + 6q^7 + 5q^8 + 3q^9 + 2q^10 + 1q^11,D5: (0 0 0 0 1) -> (1 1 0 1 0) ; E6: (0 0 0 0 1 1) -> (1 1 1 0 0 0)
214446,46,2,D5+E6,3,1q + 2q^2 + 4q^3 + 4q^4 + 4q^5 + 2q^6 + 1q^7,D5: (0 0 0 1 1) -> (0 1 0 1 1) ; E6: (0 1 0 0 1 1) -> (0 1 1 0 1 0)
214454,62,2,D5+E6,3,1q^2 + 3q^3 + 6q^4 + 8q^5 + 8q^6 + 7q^7 + 4q^8 + 2q^9 + 1q^10,D5: (0 0 0 1 1) -> (1 1 1 0 0) ; E6: (0 1 0 0 1 1) -> (1 0 1 1 0 0)
214461,58,2,D5+E6,3,1q + 1q^2 + 4q^3 + 3q^4 + 3q^5 + 1q^6 + 1q^7,D5: (0 0 1 0 0) -> (0 1 1 0 0) ; E6: (0 0 0 1 0 1) -> (0 0 1 1 0 0)
214464,32,2,D5+E6,3,1q + 3q^2 + 3q^3 + 2q^4 + 1q^5,D5: (0 0 1 0 0) -> (1 0 0 1 1) ; E6: (0 0 0 1 0 1) -> (1 1 0 0 1 0)
214474,54,2,D5+E6,6,1q + 2q^2 + 5q^3 + 5q^4 + 4q^5 + 2q^6 + 1q^7,D5: (0 0 1 0 1) -> (0 1 1 0 1) ; E6: (0 0 0 1 1 1) -> (0 0 1 1 1 0)
214481,68,2,D5+E6,4,1q^2 + 5q^3 + 13q^4 + 19q^5 + 20q^6 + 18q^7 + 12q^8 + 6q^9 + 3q^10 + 1q^11,D5: (0 0 1 0 1) -> (1 1 1 1 0) ; E6: (0 0 0 1 1 1) -> (1 1 1 1 0 0)
214483,46,2,D5+E6,3,1q + 3q^2 + 7q^3 + 8q^4 + 6q^5 + 3q^6 + 1q^7,D5: (0 0 1 1 1) -> (0 1 1 1 1) ; E6: (0 1 0 1 1 1) -> (0 1 1 1 1 0)
214495,45,2,D5+E6,3,1q + 2q^2 + 2q^3 + 3q^4 + 1q^5 + 1q^6,D5: (0 1 0 0 0) -> (1 0 1 0 0) ; E6: (0 0 1 0 0 1) -> (1 0 0 1 0 0)
214508,64,2,D5+E6,4,2q^2 + 5q^3 + 7q^4 + 9q^5 + 7q^6 + 4q^7 + 2q^8 + 1q^9,D5: (0 1 0 0 1) -> (0 1 1 1 0) ; E6: (0 0 1 0 1 1) -> (0 1 1 1 0 0)
214510,42,2,D5+E6,6,1q + 3q^2 + 4q^3 + 4q^4 + 2q^5 + 1q^6,D5: (0 1 0 0 1) -> (1 0 1 0 1) ; E6: (0 0 1 0 1 1) -> (1 0 0 1 1 0)
214520,36,2,D5+E6,3,1q + 5q^2 + 7q^3 + 6q^4 + 3q^5 + 1q^6,D5: (0 1 0 1 1) -> (1 0 1 1 1) ; E6: (0 1 1 0 1 1) -> (1 1 0 1 1 0)
214526,32,2,D5+E6,3,1q + 4q^2 + 5q^3 + 3q^4 + 1q^5,D5: (0 1 1 0 0) -> (1 1 0 1 1) ; E6: (0 0 1 1 0 1) -> (1 1 1 0 1 0)
214543,44,2,D5+E6,3,1q + 1q^2 + 1q^3 + 2q^4 + 1q^5 + 1q^6 + 1q^7,D5: (1 0 0 0 0) -> (1 1 0 0 0) ; E6: (1 0 0 0 0 1) -> (0 0 0 0 1 1)
214556,52,2,D5+E6,4,2q^2 + 4q^3 + 6q^4 + 7q^5 + 6q^6 + 4q^7 + 2q^8 + 1q^9,D5: (1 0 0 0 1) -> (1 0 1 1 0) ; E6: (1 0 0 0 1 1) -> (1 1 0 1 0 0)
214558,43,2,D5+E6,6,1q + 2q^2 + 3q^3 + 4q^4 + 3q^5 + 2q^6 + 1q^7,D5: (1 0 0 0 1) -> (1 1 0 0 1) ; E6: (1 0 0 0 1 1) -> (1 0 1 0 1 0)
214568,39,2,D5+E6,3,1q + 4q^2 + 7q^3 + 8q^4 + 6q^5 + 3q^6 + 1q^7,D5: (1 0 0 1 1) -> (1 1 0 1 1) ; E6: (1 1 0 0 1 1) -> (1 1 1 0 1 0)
214576,49,2,D5+E6,3,1q + 3q^2 + 5q^3 + 6q^4 + 4q^5 + 2q^6 + 1q^7,D5: (1 0 1 0 0) -> (1 1 1 0 0) ; E6: (1 0 0 1 0 1) -> (0 0 0 1 1 1)
214580,46,2,D5+E6,6,1q + 4q^2 + 8q^3 + 9q^4 + 6q^5 + 3q^6 + 1q^7,D5: (1 0 1 0 1) -> (1 1 1 0 1) ; E6: (1 0 0 1 1 1) -> (1 0 1 1 1 0)
214583,40,2,D5+E6,3,1q + 6q^2 + 13q^3 + 14q^4 + 9q^5 + 4q^6 + 1q^7,D5: (1 0 1 1 1) -> (1 1 1 1 1) ; E6: (1 1 0 1 1 1) -> (1 1 1 1 1 0)
214593,53,2,D5+E6,4,3q^2 + 8q^3 + 12q^4 + 14q^5 + 11q^6 + 6q^7 + 3q^8 + 1q^9,D5: (1 1 0 0 1) -> (1 1 1 1 0) ; E6: (1 0 1 0 1 1) -> (0 1 0 1 1 1)
